れいむ,銅銭,魔力の欠片,魔力の欠片,魔力の欠片
まりさ,キノコの粉,魔力の欠片,魔導書,魔力の欠片
シンギョク,キノコの粉,魔力の欠片,魔力の欠片,魔力の欠片
ユウゲンマガン,キノコの粉,魔力の欠片,魔力の欠片,魔力の欠片
エリス,魔力の結晶,魔力の欠片,魔力の結晶,魔力の欠片
サリエル,金貨,魔力の欠片,金貨,魔力の欠片
みま,魔導書,魔力の欠片,魔力の結晶,魔力の欠片
キクリ,真珠,魔力の欠片,魔力の欠片,魔力の欠片
コンガラ,キノコの粉,魔力の欠片,ビンテージワイン,魔力の欠片
りか,銅銭,魔力の欠片,魔力の欠片,魔力の欠片
めいら,キノコの粉,魔力の欠片,魔力の欠片,魔力の欠片
エレン,真珠,魔力の欠片,魔力の欠片,魔力の欠片
ことひめ,時計,魔力の欠片,魔力の欠片,魔力の欠片
カナ,銅銭,魔力の欠片,魔力の欠片,魔力の欠片
りかこ,砂金,魔力の欠片,魔力の欠片,魔力の欠片
ちゆり,砂金,魔力の欠片,魔力の欠片,魔力の欠片
ゆめみ,魔導書,魔力の欠片,魔力の結晶,魔力の欠片
ミミちゃん＆る～こと,砂金,魔力の欠片,魔力の欠片,魔力の欠片
オレンジ,銅銭,魔力の欠片,魔力の欠片,魔力の欠片
くるみ,銅銭,魔力の欠片,魔力の欠片,魔力の欠片
エリー,時計,魔力の欠片,魔力の欠片,魔力の欠片
ゆうか,魔導書,魔力の欠片,魔力の結晶,魔力の欠片
むげつ,魔導書,魔力の欠片,金貨,魔力の欠片
げんげつ,魔導書,魔力の欠片,金貨,魔力の欠片
サラ,キノコの粉,魔力の欠片,魔力の欠片,魔力の欠片
ルイズ,魔導書,魔力の欠片,魔力の欠片,魔力の欠片
アリス,時計,魔力の欠片,魔力の結晶,魔力の欠片
ユキ,真珠,魔力の欠片,魔力の欠片,魔力の欠片
マイ,砂金,魔力の欠片,魔力の欠片,魔力の欠片
ゆめこ,銀貨,魔力の欠片,金貨,魔力の欠片
しんき,ビンテージワイン,魔力の欠片,魔力の結晶,魔力の欠片
ルーミア,銅銭,魔力の欠片,魔力の欠片,魔力の欠片
だいようせい,時計,魔力の欠片,魔力の欠片,魔力の欠片
チルノ,銅銭,魔力の欠片,魔力の欠片,魔力の欠片
めいりん,時計,魔力の欠片,魔力の欠片,魔力の欠片
こあくま,砂金,魔力の欠片,魔力の欠片,魔力の欠片
パチュリー,魔導書,魔力の欠片,魔力の欠片,魔力の欠片
さくや,時計,魔力の欠片,ビンテージワイン,魔力の欠片
レミリア,ビンテージワイン,魔力の欠片,ビンテージワイン,魔力の欠片
フランドール,魔導書,魔力の欠片,魔力の結晶,魔力の欠片
レティ,真珠,魔力の欠片,魔力の欠片,魔力の欠片
ちぇん,魔力の欠片,魔力の欠片,魔力の欠片,魔力の欠片
リリー,時計,魔力の欠片,魔力の欠片,魔力の欠片
リリカ,時計,魔力の欠片,魔力の欠片,魔力の欠片
メルラン,時計,魔力の欠片,魔力の欠片,魔力の欠片
ルナサ,時計,魔力の欠片,魔力の欠片,魔力の欠片
ようむ,銅銭,魔力の欠片,銀貨,魔力の欠片
ゆゆこ,砂金,魔力の欠片,ビンテージワイン,魔力の欠片
らん,魔力の欠片,魔力の欠片,金貨,魔力の欠片
ゆかり,魔力の欠片,魔力の欠片,魔力の結晶,魔力の欠片
れんこ,真珠,魔力の欠片,魔力の欠片,魔力の欠片
メリー,砂金,魔力の欠片,魔力の欠片,魔力の欠片
りんのすけ,砂金,魔力の欠片,魔力の欠片,魔力の欠片
ときこ,時計,魔力の欠片,魔力の欠片,魔力の欠片
リグル,銅銭,魔力の欠片,魔力の欠片,魔力の欠片
ミスティア,銅銭,魔力の欠片,魔力の欠片,魔力の欠片
けいね,時計,魔力の欠片,魔力の欠片,魔力の欠片
てゐ,銅銭,魔力の欠片,魔力の欠片,魔力の欠片
ウドンゲ,時計,魔力の欠片,ビンテージワイン,魔力の欠片
えいりん,時計,魔力の欠片,金貨,魔力の欠片
かぐや,時計,魔力の欠片,金貨,魔力の欠片
もこう,銅銭,魔力の欠片,魔力の結晶,魔力の欠片
すいか,砂金,魔力の欠片,金貨,魔力の欠片
サニー,銅銭,魔力の欠片,魔力の欠片,魔力の欠片
ルナ,銅銭,魔力の欠片,魔力の欠片,魔力の欠片
スター,銅銭,魔力の欠片,魔力の欠片,魔力の欠片
メディスン,キノコの粉,魔力の欠片,銀貨,魔力の欠片
あや,真珠,魔力の欠片,キノコの粉,魔力の欠片
こまち,銅銭,魔力の欠片,銅銭,魔力の欠片
えいき,真珠,魔力の欠片,魔力の結晶,魔力の欠片
あきゅう,時計,魔力の欠片,魔力の欠片,魔力の欠片
よりひめ,砂金,魔力の欠片,金貨,魔力の欠片
とよひめ,真珠,魔力の欠片,金貨,魔力の欠片
ぎょくと,銅銭,魔力の欠片,魔力の欠片,魔力の欠片
しずは,砂金,魔力の欠片,魔力の欠片,魔力の欠片
みのりこ,砂金,魔力の欠片,魔力の欠片,魔力の欠片
ひな,真珠,魔力の欠片,魔力の欠片,魔力の欠片
にとり,砂金,魔力の欠片,魔力の欠片,魔力の欠片
もみじ,砂金,魔力の欠片,魔力の欠片,魔力の欠片
さなえ,真珠,魔力の欠片,二折携帯ゲーム機,魔力の欠片
かなこ,キノコの粉,魔力の欠片,ビンテージワイン,魔力の欠片
すわこ,魔導書,魔力の欠片,金貨,魔力の欠片
いく,真珠,魔力の欠片,ビンテージワイン,魔力の欠片
てんし,砂金,魔力の欠片,金貨,魔力の欠片
キスメ,真珠,魔力の欠片,魔力の欠片,魔力の欠片
ヤマメ,砂金,魔力の欠片,魔力の欠片,魔力の欠片
パルスィ,真珠,魔力の欠片,魔力の欠片,魔力の欠片
ゆうぎ,砂金,魔力の欠片,金貨,魔力の欠片
さとり,真珠,魔力の欠片,魔力の欠片,魔力の欠片
りん,真珠,魔力の欠片,銀貨,魔力の欠片
うつほ,砂金,魔力の欠片,金貨,魔力の欠片
こいし,キノコの粉,魔力の欠片,魔力の結晶,魔力の欠片
ナズーリン,時計,魔力の欠片,魔力の欠片,魔力の欠片
こがさ,銅銭,魔力の欠片,魔力の欠片,魔力の欠片
いちりん＆うんざん,銅銭,魔力の欠片,魔力の欠片,魔力の欠片
むらさ,銅銭,魔力の欠片,魔力の欠片,魔力の欠片
しょう,銅銭,魔力の欠片,金貨,魔力の欠片
ひじり,砂金,魔力の欠片,魔力の結晶,魔力の欠片
ぬえ,真珠,魔力の欠片,魔力の結晶,魔力の欠片
はたて,真珠,魔力の欠片,魔力の欠片,魔力の欠片
かせん,キノコの粉,魔力の欠片,金貨,魔力の欠片
きょうこ,銅銭,魔力の欠片,魔力の欠片,魔力の欠片
よしか,銅銭,魔力の欠片,魔力の欠片,魔力の欠片
せいが,時計,魔力の欠片,魔力の欠片,魔力の欠片
とじこ,時計,魔力の欠片,魔力の欠片,魔力の欠片
ふと,銅銭,魔力の欠片,銀貨,魔力の欠片
みこ,砂金,魔力の欠片,金貨,魔力の欠片
マミゾウ,砂金,魔力の欠片,金貨,魔力の欠片
こすず,時計,魔力の欠片,魔力の欠片,魔力の欠片
こころ,真珠,魔力の欠片,金貨,魔力の欠片
わかさぎひめ,真珠,魔力の欠片,魔力の欠片,魔力の欠片
せきばんき,銅銭,魔力の欠片,魔力の欠片,魔力の欠片
かげろう,時計,魔力の欠片,魔力の欠片,魔力の欠片
べんべん,銅銭,魔力の欠片,魔力の欠片,魔力の欠片
やつはし,銅銭,魔力の欠片,魔力の欠片,魔力の欠片
せいじゃ,時計,魔力の欠片,ビンテージワイン,魔力の欠片
しんみょうまる,砂金,魔力の欠片,金貨,魔力の欠片
らいこ,銀貨,魔力の欠片,魔力の結晶,魔力の欠片
