灵梦,铜钱,魔力的碎片,魔力的碎片,魔力的碎片
魔理沙,蘑菇粉,魔力的碎片,魔导书,魔力的碎片
神玉,蘑菇粉,魔力的碎片,魔力的碎片,魔力的碎片
幽玄魔眼,蘑菇粉,魔力的碎片,魔力的碎片,魔力的碎片
伊莉丝,魔力的结晶,魔力的碎片,魔力的结晶,魔力的碎片
萨丽艾尔,金币,魔力的碎片,金币,魔力的碎片
魅魔,魔导书,魔力的碎片,魔力的结晶,魔力的碎片
菊理,真珠,魔力的碎片,魔力的碎片,魔力的碎片
矜羯罗,蘑菇粉,魔力的碎片,佳酿,魔力的碎片
里香,铜钱,魔力的碎片,魔力的碎片,魔力的碎片
明罗,蘑菇粉,魔力的碎片,魔力的碎片,魔力的碎片
爱莲,真珠,魔力的碎片,魔力的碎片,魔力的碎片
小兔姬,时钟,魔力的碎片,魔力的碎片,魔力的碎片
卡娜,铜钱,魔力的碎片,魔力的碎片,魔力的碎片
理香子,砂金,魔力的碎片,魔力的碎片,魔力的碎片
千百合,砂金,魔力的碎片,魔力的碎片,魔力的碎片
梦美,魔导书,魔力的碎片,魔力的结晶,魔力的碎片
咪咪号＆留琴,砂金,魔力的碎片,魔力的碎片,魔力的碎片
奥莲姬,铜钱,魔力的碎片,魔力的碎片,魔力的碎片
胡桃,铜钱,魔力的碎片,魔力的碎片,魔力的碎片
艾丽,时钟,魔力的碎片,魔力的碎片,魔力的碎片
幽香,魔导书,魔力的碎片,魔力的结晶,魔力的碎片
梦月,魔导书,魔力的碎片,金币,魔力的碎片
幻月,魔导书,魔力的碎片,金币,魔力的碎片
萨拉,蘑菇粉,魔力的碎片,魔力的碎片,魔力的碎片
露易兹,魔导书,魔力的碎片,魔力的碎片,魔力的碎片
爱丽丝,时钟,魔力的碎片,魔力的结晶,魔力的碎片
雪,真珠,魔力的碎片,魔力的碎片,魔力的碎片
舞,砂金,魔力的碎片,魔力的碎片,魔力的碎片
梦子,银币,魔力的碎片,金币,魔力的碎片
神绮,佳酿,魔力的碎片,魔力的结晶,魔力的碎片
露米娅,铜钱,魔力的碎片,魔力的碎片,魔力的碎片
大妖精,时钟,魔力的碎片,魔力的碎片,魔力的碎片
琪露诺,铜钱,魔力的碎片,魔力的碎片,魔力的碎片
美铃,时钟,魔力的碎片,魔力的碎片,魔力的碎片
小恶魔,砂金,魔力的碎片,魔力的碎片,魔力的碎片
帕秋莉,魔导书,魔力的碎片,魔力的碎片,魔力的碎片
咲夜,时钟,魔力的碎片,佳酿,魔力的碎片
蕾米莉亚,佳酿,魔力的碎片,佳酿,魔力的碎片
芙兰朵露,魔导书,魔力的碎片,魔力的结晶,魔力的碎片
蕾蒂,真珠,魔力的碎片,魔力的碎片,魔力的碎片
橙,魔力的碎片,魔力的碎片,魔力的碎片,魔力的碎片
莉莉,时钟,魔力的碎片,魔力的碎片,魔力的碎片
莉莉卡,时钟,魔力的碎片,魔力的碎片,魔力的碎片
梅露兰,时钟,魔力的碎片,魔力的碎片,魔力的碎片
露娜萨,时钟,魔力的碎片,魔力的碎片,魔力的碎片
妖梦,铜钱,魔力的碎片,银币,魔力的碎片
幽幽子,砂金,魔力的碎片,佳酿,魔力的碎片
蓝,魔力的碎片,魔力的碎片,金币,魔力的碎片
紫,魔力的碎片,魔力的碎片,魔力的结晶,魔力的碎片
莲子,真珠,魔力的碎片,魔力的碎片,魔力的碎片
梅莉,砂金,魔力的碎片,魔力的碎片,魔力的碎片
霖之助,砂金,魔力的碎片,魔力的碎片,魔力的碎片
朱鹭子,时钟,魔力的碎片,魔力的碎片,魔力的碎片
莉格露,铜钱,魔力的碎片,魔力的碎片,魔力的碎片
米斯蒂娅,铜钱,魔力的碎片,魔力的碎片,魔力的碎片
慧音,时钟,魔力的碎片,魔力的碎片,魔力的碎片
帝,铜钱,魔力的碎片,魔力的碎片,魔力的碎片
优昙华院,时钟,魔力的碎片,佳酿,魔力的碎片
永琳,时钟,魔力的碎片,金币,魔力的碎片
辉夜,时钟,魔力的碎片,金币,魔力的碎片
妹红,铜钱,魔力的碎片,魔力的结晶,魔力的碎片
萃香,砂金,魔力的碎片,金币,魔力的碎片
桑尼,铜钱,魔力的碎片,魔力的碎片,魔力的碎片
露娜,铜钱,魔力的碎片,魔力的碎片,魔力的碎片
斯塔,铜钱,魔力的碎片,魔力的碎片,魔力的碎片
梅蒂欣,蘑菇粉,魔力的碎片,银币,魔力的碎片
文,真珠,魔力的碎片,蘑菇粉,魔力的碎片
小町,铜钱,魔力的碎片,铜钱,魔力的碎片
映姬,真珠,魔力的碎片,魔力的结晶,魔力的碎片
阿求,时钟,魔力的碎片,魔力的碎片,魔力的碎片
依姬,砂金,魔力的碎片,金币,魔力的碎片
丰姬,真珠,魔力的碎片,金币,魔力的碎片
玉兔,铜钱,魔力的碎片,魔力的碎片,魔力的碎片
静叶,砂金,魔力的碎片,魔力的碎片,魔力的碎片
穰子,砂金,魔力的碎片,魔力的碎片,魔力的碎片
雏,真珠,魔力的碎片,魔力的碎片,魔力的碎片
荷取,砂金,魔力的碎片,魔力的碎片,魔力的碎片
椛,砂金,魔力的碎片,魔力的碎片,魔力的碎片
早苗,真珠,魔力的碎片,折叠式掌机,魔力的碎片
神奈子,蘑菇粉,魔力的碎片,佳酿,魔力的碎片
诹访子,魔导书,魔力的碎片,金币,魔力的碎片
衣玖,真珠,魔力的碎片,佳酿,魔力的碎片
天子,砂金,魔力的碎片,金币,魔力的碎片
琪斯美,真珠,魔力的碎片,魔力的碎片,魔力的碎片
山女,砂金,魔力的碎片,魔力的碎片,魔力的碎片
帕露西,真珠,魔力的碎片,魔力的碎片,魔力的碎片
勇仪,砂金,魔力的碎片,金币,魔力的碎片
觉,真珠,魔力的碎片,魔力的碎片,魔力的碎片
燐,真珠,魔力的碎片,银币,魔力的碎片
空,砂金,魔力的碎片,金币,魔力的碎片
恋,蘑菇粉,魔力的碎片,魔力的结晶,魔力的碎片
娜兹玲,时钟,魔力的碎片,魔力的碎片,魔力的碎片
小伞,铜钱,魔力的碎片,魔力的碎片,魔力的碎片
一轮＆云山,铜钱,魔力的碎片,魔力的碎片,魔力的碎片
村纱,铜钱,魔力的碎片,魔力的碎片,魔力的碎片
星,铜钱,魔力的碎片,金币,魔力的碎片
圣,砂金,魔力的碎片,魔力的结晶,魔力的碎片
鵺,真珠,魔力的碎片,魔力的结晶,魔力的碎片
果,真珠,魔力的碎片,魔力的碎片,魔力的碎片
华扇,蘑菇粉,魔力的碎片,金币,魔力的碎片
响子,铜钱,魔力的碎片,魔力的碎片,魔力的碎片
芳香,铜钱,魔力的碎片,魔力的碎片,魔力的碎片
青娥,时钟,魔力的碎片,魔力的碎片,魔力的碎片
屠自古,时钟,魔力的碎片,魔力的碎片,魔力的碎片
布都,铜钱,魔力的碎片,银币,魔力的碎片
神子,砂金,魔力的碎片,金币,魔力的碎片
猯藏,砂金,魔力的碎片,金币,魔力的碎片
小铃,时钟,魔力的碎片,魔力的碎片,魔力的碎片
心,真珠,魔力的碎片,金币,魔力的碎片
若鹭姬,真珠,魔力的碎片,魔力的碎片,魔力的碎片
赤蛮奇,铜钱,魔力的碎片,魔力的碎片,魔力的碎片
影狼,时钟,魔力的碎片,魔力的碎片,魔力的碎片
弁弁,铜钱,魔力的碎片,魔力的碎片,魔力的碎片
八桥,铜钱,魔力的碎片,魔力的碎片,魔力的碎片
正邪,时钟,魔力的碎片,佳酿,魔力的碎片
针妙丸,砂金,魔力的碎片,金币,魔力的碎片
雷鼓,银币,魔力的碎片,魔力的结晶,魔力的碎片
