灵梦,普通,NULL,NULL,障壁强化,阴之气力,幻觉弹,金属针,森罗结界,降神,追踪弹
灵梦,防御,NULL,NULL,铁壁之势,NULL,回旋幻想,应急处理,破邪之箭,NULL,精确瞄准,梦幻泡影,超越神技,NULL
灵梦,力量,NULL,NULL,大暴雨,NULL,生命爆发,幻影之刃,NULL,八幡神加护,冷静与热情的狭间,古喰,舍命式,NULL
魔理沙,普通,NULL,NULL,阴之气力,阳之气力,能量闪电,原初之光,闪光弹,坏月亮,星火术
魔理沙,速度,NULL,NULL,NULL,NULL,先读,盗电充电,雷霆之力,疾风迅雷,NULL,雷帝之怒,脉冲激光,NULL
魔理沙,力量,NULL,NULL,NULL,NULL,鲨鱼交易,恐慌呼叫,超限激光,疾风迅雷,NULL,黑暗天球,光通量,NULL
神玉,普通,NULL,NULL,阴之气力,阳之气力,扩散光束,禁足,追踪弹,铝热剂,四神加护
神玉,辅助,NULL,NULL,地相显现「白虎」,NULL,激励,灵力之恩惠,地相显现「朱雀」,三效合一,NULL,弹幕乱舞,人形的怨返,NULL
神玉,防御,NULL,NULL,地相显现「玄武」,NULL,鼓舞,灵力之恩惠,地相显现「青龙」,归燕,NULL,灵魂冲刺,全心全意,NULL
幽玄魔眼,普通,NULL,NULL,感染,阳之气力,NULL,血腥风暴,正后方是谁,卡戎饰符,污浊之牙
幽玄魔眼,辅助,NULL,NULL,NULL,NULL,逆境根性,气象显现「浓雾」,灵力之恩惠,NULL,拉普拉斯之眼,隐形陷阱,人形的怨返,NULL
幽玄魔眼,力量,NULL,NULL,NULL,NULL,逆境根性,刺耳尖叫,灵力之恩惠,NULL,渐弱音,饥渴之魂,毒性炸弹,NULL
伊莉丝,普通,NULL,NULL,深夜,阴之气力,阴影球,火花射击,暗影步,甜美噩梦,暗影箭
伊莉丝,速度,NULL,NULL,NULL,NULL,闪电之枪,鲨鱼交易,交换圈,NULL,雷切,破灭之声,暗夜传染,NULL
伊莉丝,力量,NULL,NULL,NULL,NULL,毒箭,鲨鱼交易,交换圈,NULL,奈落之花,剧毒新星,暗夜传染,NULL
萨丽艾尔,普通,NULL,NULL,深夜,阴之气力,阴影球,天使的阶梯,复仇,闪光弹,失落危机
萨丽艾尔,力量,NULL,NULL,NULL,NULL,关灯,NULL,月虹,三魂七魄离散,暗黑甜点,暗夜传染,死者的呼声,NULL
萨丽艾尔,防御,NULL,NULL,NULL,NULL,关灯,天光之舞,破邪之箭,日全食,NULL,黑暗天球,光通量,NULL
魅魔,普通,NULL,NULL,沉积岩,阳之气力,捉鬼迷藏,原初之光,负之嘲笑,血腥风暴,噬魂
魅魔,防御,NULL,NULL,NULL,NULL,鬼魂波动,诅咒返还,潜行之茜,无限之暗,NULL,骚灵现象,死神之舞,NULL
魅魔,力量,NULL,NULL,NULL,NULL,灵魂猎手,诅咒返还,超限激光,NULL,破灭之声,光通量,亡灵午夜,NULL
菊理,普通,NULL,NULL,障壁强化,阴之气力,镜面世界,坏月亮,气象显现「极光」,日全食,水鏡
菊理,防御,NULL,NULL,NULL,NULL,圣艾尔摩之火,月亮加护,反射镜,灵力之恩惠,NULL,回旋幻想,全心全意,NULL
菊理,力量,NULL,NULL,NULL,NULL,重力炮,月亮加护,反射镜,灵力之恩惠,NULL,月虹,大灾变,NULL
矜羯罗,普通,NULL,NULL,专心致志,阴之气力,开膛手,正拳突击,集中之势,虎奔,十字斩
矜羯罗,力量,NULL,NULL,NULL,NULL,强袭射击,拔刀斩,舞蹈之剑,交换圈,奋斗之势,NULL,菊水,NULL
矜羯罗,速度,NULL,NULL,NULL,NULL,升阳,拔刀斩,破甲,交换圈,NULL,烈火,菊水,NULL
里香,普通,NULL,NULL,节俭精神,阳之气力,飞锤,玩火,地雷陷阱,应急处理,电击
里香,速度,NULL,NULL,NULL,NULL,闪燃,摇动齿轮,火花十字,NULL,回燃,逆境根性,侵攻转化,NULL
里香,力量,NULL,NULL,NULL,NULL,盗电充电,摇动齿轮,急袭,雷霆之力,NULL,逆境根性,弹幕乱舞,NULL
明罗,普通,NULL,NULL,专心致志,阴之气力,拔刀斩,复仇,集中之势,无知之暗,驱霞
明罗,力量,NULL,NULL,NULL,NULL,破甲,皇家棱镜,舞蹈之剑,黑暗天球,威风堂堂,NULL,菊水,NULL
明罗,速度,NULL,NULL,两手准备,NULL,十字斩,铁壁之势,黑暗天球,猛进之势,幻影之刃,NULL,菊水,NULL
爱莲,普通,NULL,NULL,阳炎,阳之气力,磷火,坏月亮,海市蜃楼,甜美噩梦,三效合一
爱莲,力量,NULL,NULL,NULL,NULL,不可思议的波动,无限之暗,NULL,交叉互换,火花十字,大灾变,酒宴狂欢,NULL
爱莲,速度,NULL,NULL,NULL,NULL,雷云之瞳,雷霆帷幕,幻惑大流行,雷霆之力,NULL,迷雾,大灾变,NULL
小兔姬,普通,NULL,NULL,防壁强化,阳之气力,齐射,金属针,炎蛇之舞,毁灭,下步
小兔姬,辅助,NULL,NULL,NULL,NULL,地相显现「青龙」,电击,森林浴,失忆,隐形陷阱,NULL,天罚一击,NULL
小兔姬,防御,NULL,NULL,两手准备,NULL,应急处理,电击,无限之暗,失忆,攻击均分,NULL,炎龙之舞,NULL
卡娜,普通,NULL,NULL,沉积岩,阴之气力,鬼计,正后方是谁,氛围音乐,节奏还原,灵魂猎手
卡娜,辅助,NULL,NULL,哀嚎,NULL,幽灵合奏,刺耳尖叫,无限之暗,三魂七魄离散,鼓舞,NULL,爆音全发射,NULL
卡娜,力量,NULL,NULL,NULL,NULL,圣艾尔摩之火,刺耳尖叫,高频崩毁,潜行之茜,梦幻泡影,NULL,亡灵午夜,NULL
理香子,普通,NULL,NULL,防壁强化,阳之气力,雷击,电波闪焰,扩散光束,反射镜,三效合一
理香子,力量,NULL,NULL,NULL,NULL,铬激光,紫电,隐形陷阱,NULL,银色之雨,脉冲激光,雷帝之怒,NULL
理香子,速度,NULL,NULL,NULL,NULL,铬激光,冰狱,地雷陷阱,抱怨,银色之雨,NULL,水压加农,NULL
千百合,普通,NULL,NULL,雷鸣,阴之气力,火花射击,水球,强力磁场,寒冰机枪,球状闪电
千百合,防御,NULL,NULL,NULL,NULL,反向飞身压,失忆,大暴雨,隐形陷阱,交叉俯冲,NULL,雷神之锤,NULL
千百合,速度,NULL,NULL,NULL,NULL,原子能,水刀,NULL,大地解放,临战,雷神之锤,光通量,NULL
梦美,普通,NULL,NULL,聚集之星,阴之气力,漫反射激光,软泥喷射,闪光弹,屏障设置,原子能
梦美,力量,NULL,NULL,NULL,NULL,星火术,NULL,冰狱,相位反转,重力炮,脉冲激光,水压加农,NULL
梦美,速度,NULL,NULL,NULL,NULL,盗电充电,回燃,疾风迅雷,相位反转,雷霆之力,NULL,火燕舞踏,NULL
咪咪号＆留琴,普通,NULL,NULL,摩擦热,阴之气力,飞锤,急袭,电波闪焰,球状闪电,逆境根性
咪咪号＆留琴,辅助,NULL,NULL,NULL,NULL,灵魂冲刺,隐形陷阱,震击刻印,地相显现「玄武」,NULL,铁块冲撞,全心全意,NULL
咪咪号＆留琴,力量,NULL,NULL,NULL,NULL,升阳,灵魂冲刺,集中之势,NULL,炼狱炎舞,铁块冲撞,全心全意,NULL
奥莲姬,普通,NULL,NULL,障壁强化,阳之气力,扩散光束,迷彩,紫电,应急处理,三效合一
奥莲姬,防御,NULL,NULL,森林浴,NULL,电击,隐形陷阱,雷云之瞳,海市蜃楼,NULL,合气之极意,不稳定的地平线,NULL
奥莲姬,力量,NULL,NULL,NULL,NULL,灵气汲取,逆境一击,底力,灵魂冲刺,NULL,交叉俯冲,爆音全发射,NULL
胡桃,普通,NULL,NULL,深夜,阳之气力,坏月亮,毒性陷阱,猛毒瓦斯,风之波动,拉普拉斯之眼
胡桃,力量,NULL,NULL,NULL,NULL,火之波动,鼓舞,戈尔贡之瞳,NULL,排山倒海,暗黑甜点,太刀风,NULL
胡桃,辅助,NULL,NULL,NULL,NULL,负之雾,鼓舞,懒散迷雾,污浊之牙,NULL,暗黑甜点,地相显现「朱雀」,NULL
艾丽,普通,NULL,NULL,专心致志,阴之气力,开膛手,寒冷秋风,拔刀斩,虎视眈眈,归还之刃
艾丽,力量,NULL,NULL,NULL,NULL,龙卷风,NULL,奋斗之势,风炎焚风,一闪,两手准备,猛进之势,NULL
艾丽,防御,NULL,NULL,精确瞄准,NULL,石钉,NULL,奋斗之势,流星吐息,一闪,无我之境,震天动地,NULL
幽香,普通,NULL,NULL,防壁强化,阴之气力,火花射击,苹果炸弹,负之嘲笑,逆境一击,玻璃标枪
幽香,力量,NULL,NULL,NULL,NULL,闪电之枪,喝倒彩,强力汲取,地走舞,NULL,雷神之锤,光通量,NULL
幽香,防御,NULL,NULL,天变地异,NULL,尘旋之门,喝倒彩,强力汲取,螺旋岩,灵力之恩惠,NULL,桃弧棘矢,NULL
梦月,普通,NULL,NULL,阳炎,阳之气力,磷火,坏月亮,海市蜃楼,假想朋友,无限之暗
梦月,力量,NULL,NULL,NULL,NULL,未知的闪焰,正直者的大谎言,无限音阶,暗黑甜点,月亮加护,NULL,大灾变,NULL
梦月,辅助,NULL,NULL,地相显现「玄武」,NULL,三效合一,禁足,灵力之恩惠,未知的闪焰,月亮加护,NULL,白百合之舞,NULL
幻月,普通,NULL,NULL,阳炎,阴之气力,幻觉弹,点灯,复仇,抱怨,天使的阶梯
幻月,力量,NULL,NULL,NULL,NULL,追伐,燃烧强袭,欢快节奏,NULL,潜行,幻影之刃,光通量,NULL
幻月,速度,NULL,NULL,NULL,NULL,未知的闪焰,NULL,灵魂冲刺,烈火,弹幕乱舞,梦幻泡影,巨暴流,NULL
萨拉,普通,NULL,NULL,防壁强化,阴之气力,泥团子,急袭,忍耐,火柱,石钉
萨拉,防御,NULL,NULL,NULL,NULL,地雷陷阱,应急处理,生命爆发,铁壁之势,流星吐息,NULL,天变地异,NULL
萨拉,速度,NULL,NULL,NULL,NULL,灵石乱舞,火焰标枪,杀戮之咬,集中之势,螺旋岩,NULL,奋斗之势,NULL
露易兹,普通,NULL,NULL,防壁强化,阳之气力,夜间大风,齐射,顺风,漫反射激光,春一番
露易兹,力量,NULL,NULL,NULL,NULL,舞风,电波闪焰,风之波动,三效合一,NULL,震荡,栖木,NULL
露易兹,辅助,NULL,NULL,NULL,NULL,大龙卷,失忆,喜悦之舞,神速空袭,NULL,铝热剂,栖木,NULL
爱丽丝,普通,NULL,NULL,防壁强化,阳之气力,漫反射激光,金属针,屏障设置,禁足,毁灭
爱丽丝,力量,NULL,NULL,NULL,NULL,星火术,反射镜,月亮加护,NULL,铬激光,未知的闪焰,弧光,NULL
爱丽丝,防御,NULL,NULL,地相显现「玄武」,NULL,应急处理,反射镜,回旋幻想,NULL,铬激光,铁壁之势,幻惑大流行,NULL
雪,普通,NULL,NULL,摩擦热,阳之气力,玩火,铝热剂,齐射,漫反射激光,火墙
雪,速度,NULL,NULL,NULL,NULL,狐火,火之波动,韦驮天,星火术,鼓舞,NULL,火山,NULL
雪,力量,NULL,NULL,NULL,NULL,狐火,软泥喷射,太刀风,NULL,鼓舞,冰河时代,火山,NULL
舞,普通,NULL,NULL,泥泞,阴之气力,水球,水之舞,复仇,孤单的影子人形,反向飞身压
舞,力量,NULL,NULL,冷静与热情的狭间,NULL,欢快节奏,NULL,大暴雨,冰棺,黑暗天球,人形的怨返,水鏡,NULL
舞,防御,NULL,NULL,NULL,NULL,欢快节奏,妖虫的鳞粉,大暴雨,冰棺,铝热剂,NULL,神圣耀斑,NULL
梦子,普通,NULL,NULL,专心致志,阴之气力,开膛手,虎视眈眈,逆境一击,虎奔,归还之刃
梦子,力量,NULL,NULL,NULL,NULL,崩坏射击,破甲,虚像,交叉俯冲,NULL,威风堂堂,一闪,NULL
梦子,速度,NULL,NULL,乱射,NULL,十字斩,换防,快速投掷,速攻,看不见的心,NULL,一闪,NULL
神绮,普通,NULL,NULL,阳炎,阳之气力,磷火,恶梦的回忆,血腥风暴,假想朋友,三效合一
神绮,力量,NULL,NULL,NULL,NULL,梦幻泡影,暗夜传染,爆裂火炎,超高音调,NULL,大灾变,暗黑演舞,NULL
神绮,速度,NULL,NULL,NULL,NULL,不可思议的波动,雷霆帷幕,月虹,NULL,英勇之歌,大灾变,弧光,NULL
露米娅,普通,NULL,NULL,障壁强化,阴之气力,阴影球,深夜,淤泥球,失忆,无知之暗
露米娅,防御,NULL,NULL,NULL,NULL,甜美噩梦,急袭,杀戮之咬,灰尘炸弹,暗影之力,NULL,暗夜传染,NULL
露米娅,力量,NULL,NULL,障壁强化,阴之气力,黑洞,NULL,无限之暗,刺耳尖叫,悲哀旋律,日全食,拉普拉斯之眼,NULL
大妖精,普通,NULL,NULL,障壁强化,阳之气力,寄生虫,扩散光束,森林浴,能量吸收,盗窃之风
大妖精,防御,NULL,NULL,NULL,NULL,幻惑花粉,交换圈,NULL,迷雾,懒散迷雾,弧光,不合时令之花,NULL
大妖精,速度,NULL,NULL,NULL,NULL,幻惑花粉,NULL,灵力之恩惠,迷雾,妖虫的鳞粉,巨暴流,妖精之舞,NULL
琪露诺,普通,NULL,NULL,听天由命,阴之气力,霜刃,苹果炸弹,忍耐,逆境一击,软泥喷射
琪露诺,辅助,NULL,NULL,两手准备,NULL,水之音,地雷陷阱,冰河时代,终结斩击,冷雨,NULL,白雾,NULL
琪露诺,力量,NULL,NULL,NULL,NULL,冰棺,地雷陷阱,奋战,欢快节奏,寒冰机枪,NULL,桃弧棘矢,NULL
美铃,普通,NULL,NULL,阴之气力,阳之气力,正拳突击,石雨,幸运彩虹,穿突,流星冲击
美铃,速度,NULL,NULL,NULL,NULL,灵气汲取,激励,换防,天光之舞,NULL,舍命式,临战,NULL
美铃,防御,NULL,NULL,应急处理,NULL,崩山掌,鼓舞,NULL,流星吐息,天光之舞,震天动地,升天,NULL
小恶魔,普通,NULL,NULL,深夜,阳之气力,坏月亮,束缚陷阱,交换圈,甜美噩梦,未知的闪焰
小恶魔,防御,NULL,NULL,NULL,NULL,鼓舞,地相显现「白虎」,火墙,暗黑甜点,英勇之歌,交叉互换,NULL,NULL
小恶魔,辅助,NULL,NULL,NULL,NULL,痛苦加深,鼓舞,诅咒,暗黑甜点,狐火,NULL,死神之舞,NULL
帕秋莉,普通,NULL,NULL,障壁强化,阳之气力,雪月花,纯水帷幕,能量闪电,耀斑,三效合一
帕秋莉,力量,NULL,NULL,NULL,NULL,月亮加护,拉普拉斯之眼,炼狱,NULL,占星,冷雨,爆炸,NULL
帕秋莉,防御,NULL,NULL,NULL,NULL,月亮加护,月虹,迷雾,NULL,占星,雷霆之力,雷帝之怒,NULL
咲夜,普通,NULL,NULL,专心致志,阴之气力,开膛手,镜面世界,失落危机,反射镜,十字斩
咲夜,速度,NULL,NULL,急袭,追伐,拔刀斩,看不见的心,快速投掷,潜行之茜,NULL,镜像,一闪,NULL
咲夜,力量,NULL,NULL,急袭,八幡神加护,拔刀斩,舞蹈之剑,NULL,潜行之茜,幻影之刃,镜像,一闪,NULL
蕾米莉亚,普通,NULL,NULL,深夜,阴之气力,阴影球,羽毛飞射,气象显现「浓雾」,暗影步,关灯
蕾米莉亚,力量,NULL,NULL,NULL,NULL,风之标枪,闪电之枪,粉碎旋击,火焰标枪,拉普拉斯之眼,NULL,暗夜传染,NULL
蕾米莉亚,速度,NULL,NULL,NULL,NULL,震荡,负之嘲笑,粉碎旋击,大火枪,NULL,暗黑甜点,太刀风,NULL
芙兰朵露,普通,NULL,NULL,障壁强化,阳之气力,血腥风暴,漫反射激光,玩火,哀嚎,恐慌呼叫
芙兰朵露,速度,NULL,NULL,NULL,NULL,星火术,毁灭,暗影步,暗黑甜点,NULL,弧光,弹幕乱舞,NULL
芙兰朵露,力量,NULL,NULL,NULL,NULL,闪燃,噬魂,毁灭,暗黑甜点,NULL,人形的怨返,火山,NULL
蕾蒂,普通,NULL,NULL,泥泞,阳之气力,打雪仗,雪月花,失忆,恶作剧,软泥喷射
蕾蒂,力量,NULL,NULL,两手准备,鼓舞,集中豪雨,Ｐ点,负之雾,冰河时代,投币接关,NULL,冷雨,NULL
蕾蒂,防御,NULL,NULL,NULL,NULL,能量吸收,灵力之恩惠,吸血种子,NULL,冰河时代,无我之境,震天动地,NULL
橙,普通,NULL,NULL,障壁强化,阳之气力,夜间大风,急袭,恶作剧,天神加护,风之波动
橙,速度,NULL,NULL,NULL,NULL,疾风迅雷,鼓舞,大火枪,归燕,NULL,巨暴流,太刀风,NULL
橙,辅助,NULL,NULL,人形的怨返,NULL,山崩,鼓舞,神速空袭,归燕,NULL,土石巨浪,英勇之歌,NULL
莉莉,普通,NULL,NULL,防壁强化,阳之气力,天神加护,Ｐ点,撒豆子,海市蜃楼,乱射
莉莉,辅助,NULL,NULL,破灭之声,NULL,三效合一,哀嚎,NULL,未知的闪焰,神秘之風,弹幕乱舞,白百合之舞,NULL
莉莉,力量,NULL,NULL,NULL,NULL,能量吸收,三效合一,摇篮曲,NULL,不合时令之花,弹幕乱舞,妖精之舞,NULL
莉莉卡,普通,NULL,NULL,听天由命,阴之气力,鬼计,嚎叫,鼓舞,暗影步,舞蹈线
莉莉卡,速度,NULL,NULL,节奏还原,两手准备,灵魂猎手,诅咒,隐形陷阱,高频崩毁,人形的怨返,NULL,亡灵午夜,NULL
莉莉卡,力量,NULL,NULL,节奏还原,NULL,不可思议的波动,抱怨,NULL,拉普拉斯之眼,鲨鱼交易,大灾变,弹幕乐团,NULL
梅露兰,普通,NULL,NULL,调侓,阳之气力,人魂漫步,圆舞曲,鼓舞,血腥风暴,梦幻旋律
梅露兰,辅助,NULL,NULL,节奏还原,两手准备,噬魂,喜悦之舞,无限音阶,英勇之歌,骚灵现象,NULL,弹幕乐团,NULL
梅露兰,力量,NULL,NULL,节奏还原,NULL,生命爆发,舞蹈线,燃烧强袭,英勇之歌,NULL,升天,爆音全发射,NULL
露娜萨,普通,NULL,NULL,沉积岩,阴之气力,氛围音乐,鬼计,鼓舞,正后方是谁,幽灵合奏
露娜萨,辅助,NULL,NULL,节奏还原,两手准备,诅咒,卡戎饰符,刺耳尖叫,高频崩毁,诅咒返还,NULL,死神之舞,NULL
露娜萨,防御,NULL,NULL,节奏还原,哀嚎,狐火,卡戎饰符,剧毒新星,高频崩毁,诅咒返还,NULL,弹幕乐团,NULL
妖梦,普通,NULL,NULL,专心致志,阴之气力,小心怨灵,拔刀斩,虎视眈眈,忍耐,归还之刃
妖梦,速度,NULL,NULL,英勇之歌,奋斗之势,灵魂猎手,十字斩,集中之势,饥渴之魂,NULL,底力,一闪,NULL
妖梦,力量,NULL,NULL,NULL,NULL,破甲,十字斩,集中之势,逆境一击,NULL,舍命式,菊水,NULL
幽幽子,普通,NULL,NULL,沉积岩,阳之气力,人魂漫步,天神加护,寄生虫,森林浴,噬魂
幽幽子,防御,NULL,NULL,散华秋风舞,NULL,狐火,卡戎饰符,诅咒返还,鬼魂波动,NULL,交叉互换,死者的呼声,NULL
幽幽子,力量,NULL,NULL,气象显现「极光」,NULL,能量吸收,卡戎饰符,蝴蝶之舞,鬼魂波动,不合时令之花,NULL,樱吹雪,NULL
蓝,普通,NULL,NULL,阳炎,阴之气力,幻觉弹,火柱,虎奔,韦驮天,圣艾尔摩之火
蓝,力量,NULL,NULL,NULL,NULL,升阳,铝热剂,幻影之刃,NULL,燃烧强袭,大地解放,烈火,NULL
蓝,防御,NULL,NULL,NULL,NULL,石钉,韦驮天,幻影之刃,NULL,交换圈,梦幻泡影,流星吐息,NULL
紫,普通,NULL,NULL,阳炎,阳之气力,磷火,四神加护,风之列车,假想朋友,恶梦的回忆
紫,力量,NULL,NULL,NULL,NULL,重力炮,攻击置换,未知的闪焰,防御置换,大灾变,NULL,弹幕乱舞,NULL
紫,防御,NULL,NULL,NULL,NULL,拉普拉斯之眼,攻击均分,未知的闪焰,防御均分,暗黑甜点,NULL,大灾变,NULL
莲子,普通,NULL,NULL,防壁强化,阳之气力,天光之舞,力场屏障,失落危机,力场保护,扩散光束
莲子,辅助,NULL,NULL,地相显现「朱雀」,地相显现「玄武」,四神加护,暗影步,乱射,电击,NULL,幸运彩虹,弧光,NULL
莲子,速度,NULL,NULL,气象显现「黄砂」,气象显现「微风」,天神加护,超限激光,乱射,星火术,NULL,幸运彩虹,弧光,NULL
梅莉,普通,NULL,NULL,防壁强化,阳之气力,天光之舞,力场屏障,失落危机,力场保护,扩散光束
梅莉,防御,NULL,NULL,NULL,NULL,四神加护,瘴气,森罗结界,无限之暗,攻击均分,NULL,炎龙之舞,NULL
梅莉,力量,NULL,NULL,NULL,NULL,拉普拉斯之眼,天神加护,未知的闪焰,星火术,暗黑甜点,NULL,大灾变,NULL
霖之助,普通,NULL,NULL,专心致志,阴之气力,追踪弹,暗影步,飞锤,节俭精神,逆境一击
霖之助,防御,NULL,NULL,NULL,NULL,归燕,两手准备,NULL,底力,一闪,杀手锏,全心全意,NULL
霖之助,力量,NULL,NULL,NULL,NULL,归燕,两手准备,反射镜,铁壁之势,一闪,NULL,侵攻转化,NULL
朱鹭子,普通,NULL,NULL,防壁强化,阴之气力,羽毛飞射,虎奔,交换圈,隐形陷阱,盗窃之风
朱鹭子,力量,NULL,NULL,气象显现「微风」,气象显现「极光」,归燕,日全食,栖木,NULL,螺旋岩,临战,风炎焚风,NULL
朱鹭子,辅助,NULL,NULL,风神加护,气象显现「微风」,震击刻印,回旋幻想,栖木,NULL,神秘之風,风炎焚风,神速空袭,NULL
莉格露,普通,NULL,NULL,深夜,阴之气力,苹果炸弹,阴影球,猛毒瓦斯,甜美噩梦,虎奔
莉格露,力量,NULL,NULL,吸血种子,NULL,玻璃标枪,翻滚植物,幻惑花粉,暗夜传染,纠缠根须,猛进之势,NULL,NULL
莉格露,辅助,NULL,NULL,吸血种子,森林浴,强力汲取,灰尘炸弹,束缚陷阱,灵力之恩惠,花鸟风月,NULL,神秘之風,NULL
米斯蒂娅,普通,NULL,NULL,调侓,阳之气力,女高音,坏月亮,鼓舞,夜间大风,悲哀旋律
米斯蒂娅,防御,NULL,NULL,破灭之声,NULL,哀嚎,拉普拉斯之眼,超高音调,NULL,太刀风,弹幕乐团,无限音阶,NULL
米斯蒂娅,力量,NULL,NULL,栖木,NULL,无限音阶,神速空袭,超高音调,喜悦之舞,NULL,英勇之歌,弹幕乐团,NULL
慧音,普通,NULL,NULL,防壁强化,阴之气力,飞锤,天使的阶梯,穿突,急袭,光之枪
慧音,防御,NULL,NULL,崩山掌,地相显现「白虎」,集中之势,反乱冲击,铁壁之势,水鏡,NULL,升天,菊水,NULL
慧音,力量,NULL,NULL,NULL,NULL,月亮加护,灵力之恩惠,月虹,日全食,NULL,终结斩击,弧光,NULL
帝,普通,NULL,NULL,听天由命,阳之气力,虎奔,失落危机,禁足,应急处理,毁灭
帝,辅助,NULL,NULL,恶作剧,NULL,三效合一,鲨鱼交易,疾风迅雷,NULL,雷云之瞳,未知的闪焰,弹幕乱舞,NULL
帝,力量,NULL,NULL,NULL,NULL,欺诈玉,NULL,交换圈,盗窃之风,恶作剧,皇家棱镜,潜行,NULL
优昙华院,普通,NULL,NULL,阳炎,阴之气力,幻觉弹,二重身,坏月亮,虚像,圣艾尔摩之火
优昙华院,辅助,NULL,NULL,NULL,NULL,奈落之花,交换圈,欢快节奏,戈尔贡之瞳,NULL,梦幻泡影,人形的怨返,NULL
优昙华院,力量,NULL,NULL,NULL,NULL,奈落之花,毒箭,崩坏射击,戈尔贡之瞳,NULL,梦幻泡影,剧毒新星,NULL
永琳,普通,NULL,NULL,感染,阳之气力,烟雾弹,肥皂泡,乱射,毒性陷阱,猛毒瓦斯
永琳,辅助,NULL,NULL,NULL,NULL,软泥喷射,剧毒螺旋,应急处理,懒散迷雾,NULL,谜之液体,冷雨,NULL
永琳,力量,NULL,NULL,NULL,NULL,月亮加护,剧毒螺旋,应急处理,负之雾,NULL,铬激光,毒性炸弹,NULL
辉夜,普通,NULL,NULL,防壁强化,阳之气力,原初之光,天神加护,气象显现「极光」,蝴蝶之舞,三效合一
辉夜,防御,NULL,NULL,NULL,NULL,星火术,月亮加护,灵力之恩惠,月虹,彩光百花,NULL,弧光,NULL
辉夜,力量,NULL,NULL,NULL,NULL,星火术,闪光弹,Ｐ点,NULL,水之吐息,爆炸,脉冲激光,NULL
妹红,普通,NULL,NULL,摩擦热,阳之气力,玩火,虎奔,裂盔,地相显现「朱雀」,火墙
妹红,速度,NULL,NULL,NULL,NULL,铝热剂,Ｐ点,NULL,森罗结界,土石巨浪,炎龙之舞,火山,NULL
妹红,力量,NULL,NULL,NULL,NULL,铝热剂,开瓶起子,升阳,燃烧强袭,NULL,舍命式,火山,NULL
萃香,普通,NULL,NULL,受身,阴之气力,正拳突击,石雨,黑洞,气象显现「黄砂」,开瓶起子
萃香,力量,NULL,NULL,NULL,NULL,石钉,交叉反击,逆境一击,NULL,流星吐息,升天,真空破断拳,NULL
萃香,防御,NULL,NULL,NULL,NULL,升阳,爆裂火炎,崩山掌,逆境一击,NULL,升天,炼狱炎舞,NULL
桑尼,普通,NULL,NULL,聚集之星,阳之气力,原初之光,玩火,狐火,闪光弹,漫反射激光
桑尼,辅助,NULL,NULL,太阳加护,NULL,迷彩,星火术,鼓舞,灵力之恩惠,隐形陷阱,NULL,炎龙之舞,NULL
桑尼,力量,NULL,NULL,NULL,NULL,太阳加护,星火术,NULL,迷雾,炼狱,妖精之舞,弧光,NULL
露娜,普通,NULL,NULL,聚集之星,阳之气力,原初之光,夜间大风,雷霆帷幕,闪光弹,舞风
露娜,力量,NULL,NULL,NULL,NULL,迷彩,月虹,月亮加护,灵力之恩惠,束缚陷阱,NULL,巨暴流,NULL
露娜,速度,NULL,NULL,NULL,NULL,无限音阶,月虹,鼓舞,迷雾,灵力之恩惠,NULL,妖精之舞,NULL
斯塔,普通,NULL,NULL,聚集之星,阴之气力,点灯,水球,退潮,闪光弹,原子能
斯塔,力量,NULL,NULL,NULL,NULL,反向飞身压,大暴雨,NULL,强力汲取,灵力之恩惠,巨浪,光通量,NULL
斯塔,防御,NULL,NULL,集中豪雨,NULL,迷彩,占星,星火术,NULL,灵力之恩惠,回旋幻想,死神之舞,NULL
梅蒂欣,普通,NULL,NULL,感染,阳之气力,紫色烟雾,寄生虫,幻惑花粉,负之雾,瘴气
梅蒂欣,防御,NULL,NULL,NULL,NULL,玻璃标枪,生命之泉,灰尘炸弹,NULL,强力汲取,剧毒新星,酒宴狂欢,NULL
梅蒂欣,力量,NULL,NULL,NULL,NULL,影子炸弹,诅咒,灰尘炸弹,NULL,迷彩,剧毒新星,全心全意,NULL
文,普通,NULL,NULL,防壁强化,阳之气力,羽毛飞射,韦驮天,强袭射击,穿突,龙卷风
文,速度,NULL,NULL,栖木,隐形陷阱,大龙卷,NULL,哀嚎,交换圈,风炎焚风,归燕,风神加护,NULL
文,力量,NULL,NULL,栖木,NULL,螺旋,NULL,速攻,灵石乱舞,舍命式,归燕,幻想乡直击台风,NULL
小町,普通,NULL,NULL,沉积岩,阴之气力,水球,大暴雨,小心怨灵,虎奔,水刀
小町,辅助,NULL,NULL,NULL,NULL,潜行之茜,狐火,突发洪水,应急处理,NULL,死者的呼声,死神之舞,NULL
小町,力量,NULL,NULL,NULL,NULL,飞瀑,十字斩,反向飞身压,临死体验,NULL,破甲,巨浪,NULL
映姬,普通,NULL,NULL,防壁强化,阳之气力,原初之光,裂盔,定位,三效合一,光之枪
映姬,力量,NULL,NULL,爆裂拳,原子能,反射镜,生命爆发,咆哮,NULL,破邪之箭,天罚一击,升天,NULL
映姬,防御,NULL,NULL,无我之境,NULL,鬼魂波动,月亮加护,星火术,NULL,天罚一击,暗影之力,精确瞄准,NULL
阿求,普通,NULL,NULL,防壁强化,阴之气力,齐射,天神加护,超限激光,先读,追踪弹
阿求,防御,NULL,NULL,NULL,NULL,狐火,月亮加护,反射镜,NULL,应急处理,卡戎饰符,回旋幻想,NULL
阿求,辅助,NULL,NULL,NULL,NULL,圣艾尔摩之火,集中豪雨,荆棘之藤,NULL,黑洞,破灭之声,回旋幻想,NULL
依姬,普通,NULL,NULL,专心致志,阴之气力,开膛手,天使的阶梯,降神,归还之刃,天光之舞
依姬,力量,NULL,NULL,NULL,NULL,舞蹈之剑,八幡神加护,大地解放,拉普拉斯之眼,一闪,NULL,弧光,NULL
依姬,速度,NULL,NULL,NULL,NULL,石钉,隐形陷阱,归还之刃,雷切,奋斗之势,NULL,一闪,NULL
丰姬,普通,NULL,NULL,泥泞,阳之气力,肥皂泡,山体滑坡,水之舞,干旱,巨石阵
丰姬,防御,NULL,NULL,NULL,NULL,灵力之恩惠,懒散迷雾,退潮,NULL,地相显现「玄武」,冰河时代,土石巨浪,NULL
丰姬,力量,NULL,NULL,NULL,NULL,风之波动,懒散迷雾,退潮,NULL,冰河时代,巨暴流,水压加农,NULL
玉兔,普通,NULL,NULL,听天由命,阳之气力,扩散光束,磷火,忍耐,火花射击,毁灭
玉兔,速度,NULL,NULL,乱射,摇动齿轮,紫电,春一番,月亮加护,未知的闪焰,NULL,间歇泉,重力炮,NULL
玉兔,力量,NULL,NULL,交叉反击,水鏡,恶作剧,奋斗之势,收支结算,NULL,奋战,风中之烛,归燕,NULL
静叶,普通,NULL,NULL,根流,阴之气力,寄生虫,寒冷秋风,吸血种子,苹果炸弹,妖虫的鳞粉
静叶,速度,NULL,NULL,NULL,NULL,强力汲取,荆棘之藤,翻滚植物,鼓舞,NULL,饥饿之声,神秘之風,NULL
静叶,力量,NULL,NULL,NULL,NULL,大龙卷,荆棘之藤,翻滚植物,灵力之恩惠,NULL,饥饿之声,风炎焚风,NULL
穰子,普通,NULL,NULL,根流,阳之气力,撒豆子,石砾,吸血种子,雪月花,幻惑花粉
穰子,力量,NULL,NULL,NULL,NULL,能量吸收,荆棘之藤,NULL,彩光百花,弧光,散华秋风舞,妖精之舞,NULL
穰子,防御,NULL,NULL,恶作剧,NULL,能量吸收,荆棘之藤,山崩,迷雾,灵力之恩惠,NULL,震天动地,NULL
雏,普通,NULL,NULL,感染,阴之气力,紫色烟雾,鬼计,毒性陷阱,复仇,瘴气
雏,防御,NULL,NULL,刺耳尖叫,喜悦之舞,灰尘炸弹,卡戎饰符,狐火,痛苦加深,NULL,剧毒新星,诅咒返还,NULL
雏,辅助,NULL,NULL,刺耳尖叫,悲哀旋律,恐慌呼叫,人形的怨返,狐火,灰尘炸弹,NULL,束缚陷阱,死者的呼声,NULL
荷取,普通,NULL,NULL,泥泞,阴之气力,水球,节俭精神,飞锤,干旱,水刀
荷取,力量,NULL,NULL,迷彩,摇动齿轮,反向飞身压,大暴雨,飞瀑,反乱冲击,NULL,铁块冲撞,巨浪,NULL
荷取,速度,NULL,NULL,迷彩,摇动齿轮,球状闪电,懒散迷雾,雷霆之力,NULL,土石巨浪,雷帝之怒,水压加农,NULL
椛,普通,NULL,NULL,专心致志,阴之气力,开膛手,寒冷秋风,忍耐,收支结算,十字斩
椛,速度,NULL,NULL,NULL,NULL,杀戮之咬,归燕,两手准备,NULL,灵魂冲刺,菊水,威风堂堂,NULL
椛,防御,NULL,NULL,隐形陷阱,NULL,杀戮之咬,铁壁之势,两手准备,石钉,NULL,菊水,流星吐息,NULL
早苗,普通,NULL,NULL,听天由命,阳之气力,偏西风,肥皂泡,纯水帷幕,气象显现「微风」,舞风
早苗,力量,NULL,NULL,NULL,NULL,风之波动,软泥喷射,降神,懒散迷雾,NULL,巨暴流,风神加护,NULL
早苗,速度,NULL,NULL,NULL,NULL,风之波动,宝石风暴,降神,NULL,不稳定的地平线,巨暴流,太刀风,NULL
神奈子,普通,NULL,NULL,突风,阴之气力,寒冷秋风,石雨,生命之泉,气象显现「黄砂」,龙卷风
神奈子,防御,NULL,NULL,NULL,NULL,震击刻印,咆哮,NULL,风神加护,风炎焚风,流星吐息,天变地异,NULL
神奈子,力量,NULL,NULL,NULL,NULL,震击刻印,咆哮,花鸟风月,风神加护,风炎焚风,NULL,桃弧棘矢,NULL
诹访子,普通,NULL,NULL,泥泞,阳之气力,肥皂泡,扩散光束,山体滑坡,气象显现「浓雾」,软泥喷射
诹访子,速度,NULL,NULL,NULL,NULL,集中豪雨,巨石阵,地走舞,土石巨浪,冷雨,NULL,水压加农,NULL
诹访子,防御,NULL,NULL,NULL,NULL,皇家棱镜,尘旋之门,反射镜,NULL,流星吐息,天变地异,铁块冲撞,NULL
衣玖,普通,NULL,NULL,雷鸣,阳之气力,雷击,夜间大风,闪电充电,强力磁场,雷云之瞳
衣玖,力量,NULL,NULL,NULL,NULL,电波闪焰,间歇泉,疾风迅雷,闪燃,雷霆之力,NULL,雷帝之怒,NULL
衣玖,速度,NULL,NULL,NULL,NULL,电波闪焰,震击刻印,盗窃之风,粉碎旋击,鼓舞,NULL,雷神之锤,NULL
天子,普通,NULL,NULL,防壁强化,阴之气力,泥团子,天使的阶梯,忍耐,复仇,灵石乱舞
天子,力量,NULL,NULL,NULL,NULL,石钉,交叉俯冲,地走舞,流星吐息,一闪,NULL,天变地异,NULL
天子,防御,NULL,NULL,精确瞄准,NULL,尘旋之门,破邪之箭,NULL,流星吐息,铁壁之势,无我之境,震天动地,NULL
琪斯美,普通,NULL,NULL,摩擦热,阳之气力,血腥风暴,玩火,狐火,甜美噩梦,恐慌呼叫
琪斯美,辅助,NULL,NULL,攻击均分,NULL,无限之暗,铝热剂,回燃,应急处理,NULL,炎龙之舞,破灭之声,NULL
琪斯美,防御,NULL,NULL,攻击均分,NULL,拉普拉斯之眼,海市蜃楼,水鏡,应急处理,NULL,冰狱,破灭之声,NULL
山女,普通,NULL,NULL,感染,阳之气力,猛毒瓦斯,石砾,毒性陷阱,地走舞,负之雾
山女,力量,NULL,NULL,急袭,英勇之歌,谜之液体,宝石风暴,痛苦加深,刺耳尖叫,毒性炸弹,NULL,毒液强袭,NULL
山女,辅助,NULL,NULL,急袭,NULL,毒箭,交换圈,饥饿之声,NULL,纠缠根须,剧毒新星,白百合之舞,NULL
帕露西,普通,NULL,NULL,深夜,阴之气力,孤单的影子人形,临死体验,小心怨灵,毒性陷阱,影子炸弹
帕露西,防御,NULL,NULL,NULL,NULL,卡戎饰符,诅咒,诅咒返还,日全食,NULL,潜行之茜,暗夜传染,NULL
帕露西,辅助,NULL,NULL,NULL,NULL,恐慌呼叫,灰尘炸弹,诅咒返还,交换圈,NULL,戈尔贡之瞳,暗夜传染,NULL
勇仪,普通,NULL,NULL,受身,阴之气力,正拳突击,交叉反击,八幡神加护,逆境一击,不动心
勇仪,力量,NULL,NULL,NULL,NULL,升阳,崩坏射击,底力,NULL,交叉俯冲,炼狱炎舞,真空破断拳,NULL
勇仪,速度,NULL,NULL,NULL,NULL,强袭射击,开瓶起子,NULL,咆哮,突发洪水,交叉俯冲,舍命式,NULL
觉,普通,NULL,NULL,阳炎,阳之气力,磷火,坏月亮,恶梦的回忆,镜像,假想朋友
觉,防御,NULL,NULL,渐弱音,定位,虚像,水鏡,二重身,负之嘲笑,NULL,暗黑甜点,大灾变,NULL
觉,辅助,NULL,NULL,NULL,NULL,交叉反击,鼓舞,临死体验,水鏡,幸运彩虹,NULL,死者的呼声,NULL
燐,普通,NULL,NULL,摩擦热,阴之气力,火球,鬼计,铝热剂,临死体验,虎奔
燐,速度,NULL,NULL,NULL,NULL,升阳,爆裂火炎,杀戮之咬,暗影之力,交换圈,NULL,炼狱炎舞,NULL
燐,力量,NULL,NULL,NULL,NULL,影子炸弹,爆裂火炎,狐火,NULL,烈火,亡灵午夜,死者的呼声,NULL
空,普通,NULL,NULL,摩擦热,阳之气力,玩火,原初之光,闪光弹,漫反射激光,耀斑
空,力量,NULL,NULL,NULL,NULL,太阳加护,原子能,NULL,拉普拉斯之眼,风炎焚风,光通量,火燕舞踏,NULL
空,速度,NULL,NULL,黎明的大火,NULL,大火枪,震荡,相位反转,NULL,排山倒海,火山,爆炸,NULL
恋,普通,NULL,NULL,阳炎,阳之气力,扩散光束,天神加护,雷霆帷幕,虚像,毁灭
恋,力量,NULL,NULL,鲨鱼交易,NULL,英勇之歌,NULL,三效合一,雷帝之怒,冷雨,炼狱,弹幕乱舞,NULL
恋,辅助,NULL,NULL,鲨鱼交易,NULL,二重身,不可思议的波动,三效合一,定位,精神控制,NULL,大灾变,NULL
娜兹玲,普通,NULL,NULL,虎视眈眈,阴之气力,泥团子,飞锤,隐形陷阱,虎奔,皇家棱镜
娜兹玲,速度,NULL,NULL,NULL,NULL,杀戮之咬,飞石流弹,NULL,翻滚植物,猛进之势,流星吐息,铁块冲撞,NULL
娜兹玲,防御,NULL,NULL,NULL,NULL,杀戮之咬,飞石流弹,归燕,应急处理,NULL,剧毒新星,流星吐息,NULL
小伞,普通,NULL,NULL,障壁强化,阳之气力,肥皂泡,夜间大风,天神加护,正后方是谁,集中豪雨
小伞,辅助,NULL,NULL,NULL,NULL,水之音,软泥喷射,神速空袭,NULL,冷雨,巨暴流,妖精之舞,NULL
小伞,速度,NULL,NULL,NULL,NULL,星火术,鬼魂波动,神速空袭,月虹,冷雨,NULL,弧光,NULL
一轮＆云山,普通,NULL,NULL,防壁强化,阴之气力,正拳突击,逆境一击,鼓舞,强袭射击,杀手锏
一轮＆云山,力量,NULL,NULL,NULL,NULL,崩坏射击,拔刀斩,黑暗天球,飞石流弹,NULL,升天,爆裂拳,NULL
一轮＆云山,防御,NULL,NULL,NULL,NULL,生命爆发,雷切,底力,神之雷,NULL,雷神之锤,爆裂拳,NULL
村纱,普通,NULL,NULL,沉积岩,阴之气力,水球,鬼计,诅咒,暗影之力,水刀
村纱,力量,NULL,NULL,NULL,NULL,灵魂猎手,破灭之声,飞瀑,威风堂堂,NULL,铁块冲撞,巨浪,NULL
村纱,防御,NULL,NULL,NULL,NULL,飞瀑,甜美噩梦,三魂七魄离散,NULL,死神之舞,亡灵午夜,巨浪,NULL
星,普通,NULL,NULL,聚集之星,阳之气力,原初之光,雷击,山体滑坡,地走舞,火花十字
星,力量,NULL,NULL,NULL,NULL,星火术,气象显现「极光」,疾风迅雷,NULL,雷霆之力,脉冲激光,雷帝之怒,NULL
星,速度,NULL,NULL,NULL,NULL,光之枪,气象显现「极光」,疾风迅雷,流星吐息,NULL,奋斗之势,光通量,NULL
圣,普通,NULL,NULL,障壁强化,阳之气力,裂盔,原初之光,暗影步,韦驮天,速攻
圣,防御,NULL,NULL,NULL,NULL,激励,双突,紫电,鼓舞,英勇之歌,NULL,排山倒海,NULL
圣,速度,NULL,NULL,NULL,NULL,破邪之箭,NULL,舞蹈之剑,集中之势,奋斗之势,光通量,舍命式,NULL
鵺,普通,NULL,NULL,雷鸣,阴之气力,磷火,雷击,雷霆帷幕,虚像,负之雾
鵺,力量,NULL,NULL,NULL,NULL,盗电充电,电波闪焰,虎视眈眈,NULL,黎明的大火,回旋幻想,神之雷,NULL
鵺,防御,NULL,NULL,NULL,NULL,毒箭,刺耳尖叫,欢快节奏,潜行,NULL,栖木,回旋幻想,NULL
果,普通,NULL,NULL,障壁强化,阳之气力,偏西风,假想朋友,急袭,顺风,春一番
果,力量,NULL,NULL,暗影步,神之雷,龙卷风,隐形陷阱,雀蜂之舞,抱怨,NULL,巨暴流,侵攻转化,NULL
果,辅助,NULL,NULL,栖木,风神加护,未知的闪焰,正直者的大谎言,风之波动,鼓舞,NULL,疾风迅雷,神速空袭,NULL
华扇,普通,NULL,NULL,受身,阴之气力,正拳突击,幻觉弹,暗影步,逆境一击,拳背打
华扇,力量,NULL,NULL,NULL,NULL,灵气汲取,强袭射击,圣艾尔摩之火,交叉反击,暗影之力,NULL,交叉俯冲,NULL
华扇,辅助,NULL,NULL,神速空袭,诅咒,饥渴之魂,诅咒返还,合气之极意,精神控制,NULL,天罚一击,死神之舞,NULL
响子,普通,NULL,NULL,调侓,阳之气力,女高音,石砾,能量闪电,节奏还原,梦幻旋律
响子,力量,NULL,NULL,NULL,NULL,鼓舞,雷云之瞳,超高音调,英勇之歌,NULL,破灭之声,弹幕乐团,NULL
响子,辅助,NULL,NULL,NULL,NULL,鼓舞,应急处理,悲哀旋律,激励,NULL,不稳定的地平线,弹幕乐团,NULL
芳香,普通,NULL,NULL,防壁强化,阴之气力,淤泥球,小心怨灵,毒性陷阱,诅咒,逆境根性
芳香,力量,NULL,NULL,交叉反击,NULL,灰尘炸弹,Ｐ点,杀戮之咬,灵气汲取,NULL,全心全意,剧毒新星,NULL
芳香,防御,NULL,NULL,NULL,NULL,卡戎饰符,Ｐ点,负之雾,痛苦加深,NULL,剧毒螺旋,死神之舞,NULL
青娥,普通,NULL,NULL,沉积岩,阳之气力,人魂漫步,猛毒瓦斯,狐火,诅咒,诅咒返还
青娥,速度,NULL,NULL,攻击均分,NULL,痛苦加深,月亮加护,卡戎饰符,日全食,鬼魂波动,NULL,死者的呼声,NULL
青娥,力量,NULL,NULL,NULL,NULL,痛苦加深,谜之液体,鲨鱼交易,毒性炸弹,鬼魂波动,NULL,幻惑大流行,NULL
屠自古,普通,NULL,NULL,雷鸣,阴之气力,火花射击,鬼计,闪电充电,球状闪电,失落危机
屠自古,速度,NULL,NULL,NULL,NULL,天光之舞,闪电之枪,NULL,疾风迅雷,交换圈,光通量,雷神之锤,NULL
屠自古,防御,NULL,NULL,神之雷,NULL,四神加护,噬魂,NULL,疾风迅雷,骚灵现象,雷霆之力,雷帝之怒,NULL
布都,普通,NULL,NULL,听天由命,阳之气力,夜间大风,肥皂泡,地相显现「青龙」,地相显现「白虎」,四神加护
布都,速度,NULL,NULL,NULL,NULL,懒散迷雾,地相显现「玄武」,风之波动,冰河时代,NULL,巨暴流,白百合之舞,NULL
布都,力量,NULL,NULL,NULL,NULL,火之波动,地相显现「朱雀」,黎明的大火,NULL,土石巨浪,炼狱,人形的怨返,NULL
神子,普通,NULL,NULL,聚集之星,阴之气力,点灯,氛围音乐,相位反转,火柱,超限激光
神子,速度,NULL,NULL,NULL,NULL,光之枪,归还之刃,占星,NULL,超越神技,一闪,光通量,NULL
神子,力量,NULL,NULL,NULL,NULL,光之枪,火焰标枪,失落危机,NULL,超越神技,神圣耀斑,光通量,NULL
猯藏,普通,NULL,NULL,阳炎,阴之气力,幻觉弹,苹果炸弹,镜像,交叉互换,欺诈玉
猯藏,防御,NULL,NULL,追伐,NULL,强力汲取,古喰,海市蜃楼,奇迹的代价,潜行,NULL,桃弧棘矢,NULL
猯藏,力量,NULL,NULL,NULL,NULL,沙尘,杀戮之咬,海市蜃楼,奇迹的代价,NULL,梦幻泡影,流星吐息,NULL
小铃,普通,NULL,NULL,听天由命,阳之气力,齐射,恶作剧,磷火,木叶的螺旋道,乱射
小铃,防御,NULL,NULL,NULL,NULL,狐火,诅咒,电击,喜悦之舞,NULL,地雷陷阱,世界破碎,NULL
小铃,辅助,NULL,NULL,两手准备,荆棘之藤,迷彩,威风堂堂,太刀风,白雾,神秘之風,NULL,酒宴狂欢,NULL
心,普通,NULL,NULL,听天由命,阳之气力,扩散光束,螺旋,水之舞,炎蛇之舞,双突
心,防御,NULL,NULL,NULL,NULL,天神加护,合气之极意,喜悦之舞,灵力之恩惠,NULL,弹幕乱舞,死神之舞,NULL
心,力量,NULL,NULL,NULL,NULL,四神加护,NULL,电击,灵力之恩惠,弧光,弹幕乱舞,白百合之舞,NULL
若鹭姬,普通,NULL,NULL,调侓,阳之气力,肥皂泡,女高音,纯水帷幕,欢快节奏,软泥喷射
若鹭姬,力量,NULL,NULL,NULL,NULL,懒散迷雾,喜悦之舞,应急处理,无限音阶,NULL,水之吐息,妖精之舞,NULL
若鹭姬,速度,NULL,NULL,NULL,NULL,懒散迷雾,英勇之歌,应急处理,超高音调,NULL,水之吐息,巨暴流,NULL
赤蛮奇,普通,NULL,NULL,深夜,阴之气力,孤单的影子人形,小心怨灵,复仇,急袭,无知之暗
赤蛮奇,力量,NULL,NULL,NULL,NULL,失落危机,恐慌呼叫,欺诈玉,潜行,NULL,临战,暗夜传染,NULL
赤蛮奇,辅助,NULL,NULL,死神之舞,无限之暗,灵魂猎手,拉普拉斯之眼,迷彩,鬼魂波动,NULL,诅咒返还,暗夜传染,NULL
影狼,普通,NULL,NULL,深夜,阴之气力,阴影球,寒冷秋风,地雷陷阱,泥团子,虎奔
影狼,速度,NULL,NULL,NULL,NULL,神速空袭,月亮加护,NULL,春一番,鼓舞,暗黑甜点,暗黑演舞,NULL
影狼,力量,NULL,NULL,NULL,NULL,交换圈,杀戮之咬,咆哮,NULL,流星吐息,威风堂堂,暗夜传染,NULL
弁弁,普通,NULL,NULL,根流,阴之气力,嚎叫,苹果炸弹,吸血种子,摇篮曲,暗影步
弁弁,力量,NULL,NULL,NULL,NULL,交换圈,舞蹈线,收支结算,高频崩毁,NULL,雷切,爆音全发射,NULL
弁弁,防御,NULL,NULL,NULL,NULL,强力汲取,狐火,日全食,高频崩毁,NULL,潜行之茜,桃弧棘矢,NULL
八桥,普通,NULL,NULL,调侓,阳之气力,嚎叫,寄生虫,吸血种子,妖虫的鳞粉,梦幻旋律
八桥,速度,NULL,NULL,NULL,NULL,悲哀旋律,紫电,鼓舞,快速投掷,NULL,英勇之歌,弹幕乐团,NULL
八桥,防御,NULL,NULL,地相显现「玄武」,NULL,能量吸收,狐火,四神加护,蝴蝶之舞,NULL,诅咒返还,弹幕乐团,NULL
正邪,普通,NULL,NULL,感染,阴之气力,紫色烟雾,相位反转,喝倒彩,瘴气,虎奔
正邪,速度,NULL,NULL,交叉俯冲,NULL,灰尘炸弹,恐慌呼叫,灵力之恩惠,欢快节奏,沙尘,NULL,剧毒新星,NULL
正邪,防御,NULL,NULL,交叉俯冲,NULL,负之雾,负之嘲笑,潜行之茜,日全食,沙尘,NULL,剧毒新星,NULL
针妙丸,普通,NULL,NULL,防壁强化,阴之气力,开膛手,石雨,忍耐,集中之势,拔刀斩
针妙丸,防御,NULL,NULL,NULL,NULL,水鏡,破甲,铁壁之势,螺旋岩,NULL,菊水,震天动地,NULL
针妙丸,力量,NULL,NULL,NULL,NULL,奋战,破甲,风中之烛,NULL,舍命式,菊水,归燕,NULL
雷鼓,普通,NULL,NULL,雷鸣,阳之气力,雷击,圆舞曲,雷霆帷幕,球状闪电,火花十字
雷鼓,力量,NULL,NULL,NULL,NULL,猎犬噪音,怒吼,疾风迅雷,英勇之歌,超高音调,NULL,雷帝之怒,NULL
雷鼓,辅助,NULL,NULL,NULL,NULL,渐弱音,咆哮,疾风迅雷,力场屏障,超高音调,NULL,雷帝之怒,NULL
