名称,形态,ファイアジャベリン,アクアジャベリン,グラスジャベリン,ウィンドジャベリン,スパークジャベリン,ライトジャベリン,シャドウジャベリン,オーバースキル,狂乱浄瑠璃,逆境の一手,ライジングサン,バーンストライク,滝落,飢餓の声,タンブルプラント,シューティングプレス,グランドリベレイト,ストーンスパイク,インパクトリベリオン,霞払い,幻想郷直撃タイフーン,ショックスタンプ,盗難の風,プラズマボール,天光の舞,破邪の弓撃,チェンジリング,ダークアロー,ロストクライシス,三魂七魄の離散,毒矢,真空破断拳,メテオインパクト,ブレイクショット,チャージングスタン,奈落の花,セントエルモの火,ダンシングライン,トライエフェクト,天神の加護,四神の加護,フラッシュオーバー,インフェルノ,コールドレイン,レイジィミスト,彩光百花,ミストフォッグ,ジュエリーストーム,クロームレイ,スマッシュスピン,雷帝インディグネイト,疾風迅雷,サンダーフォース,スターフレア,ラプラスの目,ゴーストウェーブ,ラヴォルペイン,ポイズンボム,ギガンティック,アンノウンフレア,グラビティブラスト,ウルトラハイトーン,森羅結界,バリアオプション,無我の境地,足止め,テルミット,干ばつ,突風,フィールドバリア,フィールドプロテクト,幸運の虹,閃光弾,シャークトレード,甘い悪夢,後ろの正面,ミアズマ,コンティニュー,アップビート,クレーム,一符・炎,二符・水,三符・自然,四符・大地,五符・鋼鉄,六符・風,七符・雷,八符・光,九符・闇,十符・冥,十一符・毒,十二符・闘,十三符・幻,十四符・音,NULL,NULL,NULL,NULL,NULL,NULL,NULL,NULL,NULL,NULL,NULL,NULL,NULL,NULL,NULL,NULL,NULL,NULL,NULL,NULL,NULL,NULL,NULL,NULL,NULL,NULL,NULL,NULL,NULL,NULL,NULL,NULL,NULL,NULL
れいむ,普通,,,,,,,,,1,1,,,,,1,,,,,,,,,,1,,,,,,,,,1,,,,,,1,,,,,,,,,,,,,,,,,,,,,,,1,1,,1,,1,1,1,1,,,,,,,1,1,1,1,1,1,1,1,1,1,1,1,1,1,1,1,1,,,,,,,,,,,,,,,,,,,,,,,,,,,,,,,,,,
れいむ,防御,,,,,,1,,1,1,1,,,,1,1,1,1,,,,1,,,,1,,,,,,,,,1,,1,1,,1,1,,,,,,1,,,,,,,,,,,,,1,1,,,1,1,,1,,1,1,1,1,,,,,,1,1,1,1,1,1,1,1,1,1,1,1,1,1,1,1,1,1,,,,,,,,,,,,,,,,,,,,,,,,,,,,,,,,,,
れいむ,力量,,,,,,1,,1,1,1,,,,,1,,1,,1,,1,,,,1,,,,,,,1,1,1,,1,1,,1,1,,,,,,1,,,,,,,,,,,,,1,1,,,1,1,,1,,1,1,1,1,,,,,,,1,1,1,1,1,1,1,1,1,1,1,1,1,1,1,1,1,,,,,,,,,,,,,,,,,,,,,,,,,,,,,,,,,,
まりさ,普通,,,,,,,,,1,1,,,,,,,,,,,,,1,,,,1,,1,,,,,,,,,,,1,1,,,,,,,,,1,,1,,,,,,,,,,,1,1,1,1,,,1,1,1,1,1,1,,,,1,1,1,1,1,1,1,1,1,1,1,1,1,1,1,1,1,,,,,,,,,,,,,,,,,,,,,,,,,,,,,,,,,,
まりさ,速度,,,,,1,1,,1,1,1,1,,,,,1,,,,,,,1,,,,1,,1,,,,,,,,,,1,1,1,,,,,,,,,1,1,1,1,1,1,,,,,,,1,1,1,1,1,,,1,1,1,1,1,1,,,,1,1,1,1,1,1,1,1,1,1,1,1,1,1,1,1,1,,,,,,,,,,,,,,,,,,,,,,,,,,,,,,,,,,
まりさ,力量,,,,,1,1,,,1,1,1,,,,,1,,,,,,,1,,1,1,1,1,1,,,,,,,,,1,1,1,1,,,,,,,,,1,,1,,1,1,,,,,,1,,1,1,1,1,,,1,1,1,1,1,1,,,,1,1,1,1,1,1,1,1,1,1,1,1,1,1,1,1,1,,,,,,,,,,,,,,,,,,,,,,,,,,,,,,,,,,
シンギョク,普通,,,,,,,,,1,1,,,,,1,,,,1,1,,,,,1,,,,1,,,,,,,,,,,,1,,,,,,,,,1,,,,,,,,,,,,,1,1,1,1,,1,1,1,1,1,1,,,,,1,1,1,1,1,1,1,1,1,1,1,1,1,1,1,1,1,,,,,,,,,,,,,,,,,,,,,,,,,,,,,,,,,,
シンギョク,辅助,1,1,,,,1,1,1,1,1,1,1,1,,1,,,,1,1,,,,,1,,,,1,,,,,,,,,,1,,1,1,1,1,1,,,,,1,,,,,,1,,,,,,1,1,1,1,1,1,1,1,1,1,1,1,,1,1,,1,1,1,1,1,1,1,1,1,1,1,1,1,1,1,1,1,,,,,,,,,,,,,,,,,,,,,,,,,,,,,,,,,,
シンギョク,防御,1,1,,,,1,1,1,1,1,1,1,1,,1,,,,1,1,,,,,1,,,,1,,,,,,,,,,1,,1,1,1,1,1,,,,,1,,,,,,1,,,,,,1,1,1,1,1,1,1,1,1,1,1,1,,1,1,,1,1,1,1,1,1,1,1,1,1,1,1,1,1,1,1,1,,,,,,,,,,,,,,,,,,,,,,,,,,,,,,,,,,
ユウゲンマガン,普通,,,,,,,,,1,1,,,,,,,,,,,,,,,,,,,1,,,,,,,,,,,1,1,,,,,,,,,1,,,,,,,,,,,,,1,1,1,,,,,1,1,1,,1,,1,,1,1,1,1,1,1,1,1,1,1,1,1,1,1,1,1,1,,,,,,,,,,,,,,,,,,,,,,,,,,,,,,,,,,
ユウゲンマガン,辅助,,,,,,,1,1,1,1,,,,,,,,,,,,,,,,,,1,1,1,1,,,,,,,,1,1,1,,1,,,,,,,1,1,,,,1,1,1,1,,,,,1,1,1,,,,,1,1,1,,1,,1,1,1,1,1,1,1,1,1,1,1,1,1,1,1,1,1,1,1,,,,,,,,,,,,,,,,,,,,,,,,,,,,,,,,,,
ユウゲンマガン,力量,,,,,,,1,1,1,1,,,,,1,1,,,1,,,,,,,,,1,1,1,1,,,,,1,,,1,1,1,,1,,,,,,,1,1,,,,1,1,1,1,,,,,1,1,1,,,,,1,1,1,,1,,1,1,1,1,1,1,1,1,1,1,1,1,1,1,1,1,1,1,1,,,,,,,,,,,,,,,,,,,,,,,,,,,,,,,,,,
エリス,普通,,,,,,,,,1,1,,,,,1,,,,,,,,1,,,,1,,,,,,,,,,1,,,1,1,,,,,,,,,1,,,,,,,,,,,,,1,1,,,,1,1,1,1,1,,1,1,,,1,1,1,1,1,1,1,1,1,1,1,1,1,1,1,1,1,,,,,,,,,,,,,,,,,,,,,,,,,,,,,,,,,,
エリス,速度,,,1,1,1,,1,1,1,1,,,,,1,,,,,,,,1,,,,1,1,,,1,,,,,1,1,,1,1,1,,,,,,,,,1,1,,1,,1,,,,,1,,,1,1,,,,1,1,1,1,1,,1,1,,1,1,1,1,1,1,1,1,1,1,1,1,1,1,1,1,1,1,,,,,,,,,,,,,,,,,,,,,,,,,,,,,,,,,,
エリス,力量,,,1,1,1,,1,1,1,1,,,,,1,,,,,,,,1,,,,1,1,,,1,,,,,1,1,,1,1,1,,,,,,,,,1,,,,,1,,,1,,1,,,1,1,,,,1,1,1,1,1,,1,1,,1,1,1,1,1,1,1,1,1,1,1,1,1,1,1,1,1,1,,,,,,,,,,,,,,,,,,,,,,,,,,,,,,,,,,
サリエル,普通,,,,,,,,,1,1,,,,,,,,,,,,,,,1,,,,1,,,,,,,,,,,,,,,,,,,,,,,,,,,,,,,,,,1,1,,,,,,,,,1,,,,,1,,1,1,1,1,1,1,1,1,1,1,1,1,1,1,1,,,,,,,,,,,,,,,,,,,,,,,,,,,,,,,,,,
サリエル,力量,,,,,,,1,1,1,1,,,,,,,,,,,,,,,1,1,,,1,1,,,,,,,,,1,,,,,,,1,,,,,,,,1,1,,1,,,,,,1,1,,,,,,,,,1,,,,,1,,1,1,1,1,1,1,1,1,1,1,1,1,1,1,1,,,,,,,,,,,,,,,,,,,,,,,,,,,,,,,,,,
サリエル,防御,,,,,,,1,1,1,1,,,,,,,,,,,,,,,1,1,,,1,,,,,,,,1,,1,,,,,1,1,1,,,,,,,,1,1,,1,,,,,,1,1,,,,,,,,,1,,,,,1,,1,1,1,1,1,1,1,1,1,1,1,1,1,1,1,,,,,,,,,,,,,,,,,,,,,,,,,,,,,,,,,,
みま,普通,,,,,,,,,1,1,,,,,,,,,,,,,,,,,,,,,,,,,,,,,,,,,,,,,,,,,,,,,,,,,,,,,1,1,1,,,1,,,,,,,,,,1,,1,1,1,1,1,1,1,1,1,1,1,1,1,1,1,,,,,,,,,,,,,,,,,,,,,,,,,,,,,,,,,,
みま,防御,,,,,,1,1,1,1,1,,,,,,,,,,,,,,,,,,,,,,,,,,,1,,,,,,,,,,,,,,1,,1,1,1,1,1,,,,,,1,1,1,,,1,,,,,,,,,1,1,,1,1,1,1,1,1,1,1,1,1,1,1,1,1,1,,,,,,,,,,,,,,,,,,,,,,,,,,,,,,,,,,
みま,力量,,,,,,1,1,1,1,1,,1,,,,,,,,,,,,,,,,,,1,1,,,,,,,,,,,,,,,,,,,,,,,1,1,1,,,,,,,1,1,1,,,1,,,,,,,,,,1,,1,1,1,1,1,1,1,1,1,1,1,1,1,1,1,,,,,,,,,,,,,,,,,,,,,,,,,,,,,,,,,,
キクリ,普通,,,,,,,,,1,1,,,,,,,,,1,,,1,,,1,,,,,,,,,,,1,,,,1,1,,,,,,,,,1,,,,,,,,,,,1,,1,1,1,,,,,1,1,1,1,,,,,1,1,,1,1,1,1,1,1,1,1,1,1,1,1,1,1,,,,,,,,,,,,,,,,,,,,,,,,,,,,,,,,,,
キクリ,防御,,,,,,1,,1,1,1,,,,,,,,,1,,,1,,,1,1,,,,,,,,,1,1,,,1,1,1,,,,,,,,1,1,,,,1,,,,,,1,1,1,1,1,1,,,,,1,1,1,1,,,,1,1,1,,1,1,1,1,1,1,1,1,1,1,1,1,1,1,,,,,,,,,,,,,,,,,,,,,,,,,,,,,,,,,,
キクリ,力量,,,,,,1,,1,1,1,,,,,,,,,1,,,1,,,1,1,,,,,,,,,1,1,,,1,1,1,,,,,,,,1,1,,,,1,,,,,,1,1,1,1,1,1,,,,,1,1,1,1,,,,1,1,1,,1,1,1,1,1,1,1,1,1,1,1,1,1,1,,,,,,,,,,,,,,,,,,,,,,,,,,,,,,,,,,
コンガラ,普通,,,,,,,,,1,1,,,,,,,,,,1,,,,,,,1,,1,,,,,,,,,,,,,,,,,,,,,,,,,,,,,,,,,,1,1,1,,,,,,,1,,,,,,1,1,1,1,1,1,1,1,1,1,1,1,1,1,1,1,1,,,,,,,,,,,,,,,,,,,,,,,,,,,,,,,,,,
コンガラ,力量,1,,,,,,,1,1,1,,,1,,,,1,1,,1,,,,,,,1,,1,,,,,,1,,,,1,,,,,,,,,,1,,,,,,,,,,1,,,,1,1,1,,,,,,,1,,,,,,1,1,1,1,1,1,1,1,1,1,1,1,1,1,1,1,1,,,,,,,,,,,,,,,,,,,,,,,,,,,,,,,,,,
コンガラ,速度,1,,,,,,,1,1,1,1,1,,,,,,,,1,,,,,,,1,,1,,,,,,1,,,,1,,,1,1,,,,,,1,,,,,,,,,,,,,,1,1,1,,,,,,,1,,,,,,1,1,1,1,1,1,1,1,1,1,1,1,1,1,1,1,1,,,,,,,,,,,,,,,,,,,,,,,,,,,,,,,,,,
りか,普通,,,,,,,,,1,1,,,,,,,,,1,,,,,,,,,,,,,,,,,,,,,1,1,,,,,,,,,1,,1,,,,,,,,,,,1,1,1,,,1,,1,1,1,1,,,,,1,1,,1,1,1,1,1,1,1,1,1,1,1,1,1,1,,,,,,,,,,,,,,,,,,,,,,,,,,,,,,,,,,
りか,速度,1,,,,1,,,1,1,1,1,,,,,,1,,1,,,,,,,,,,,,,,,,,,,,1,1,1,1,1,,,,,,1,1,,1,1,,,,,1,,,,,1,1,1,,1,1,,1,1,1,1,,,,,1,1,,1,1,1,1,1,1,1,1,1,1,1,1,1,1,,,,,,,,,,,,,,,,,,,,,,,,,,,,,,,,,,
りか,力量,1,,,,1,,,1,1,1,,,,,,,1,,1,,,,,,,,,,,,,,,,,,,,1,1,1,,,,,,,,1,1,1,1,1,,,,,1,,,,,1,1,1,,,1,,1,1,1,1,,,,,1,1,,1,1,1,1,1,1,1,1,1,1,1,1,1,1,,,,,,,,,,,,,,,,,,,,,,,,,,,,,,,,,,
めいら,普通,,,,,,,,,1,1,,,,,,,,,,1,,,,,,,,,1,,,,,1,,,,,,1,1,,,,,,,,,,,,,,,,,,,,,,1,1,1,1,,,1,1,1,1,,,,,,1,1,1,1,1,1,1,1,1,1,1,1,1,1,1,1,1,,,,,,,,,,,,,,,,,,,,,,,,,,,,,,,,,,
めいら,力量,,,,1,,,1,1,1,1,,,,,,,,,,1,,,,,,,,,1,1,1,1,,1,,,,,1,1,1,,,,,,,,,,,,,,1,1,,,,,,,1,1,1,1,,,1,1,1,1,,,,,,1,1,1,1,1,1,1,1,1,1,1,1,1,1,1,1,1,,,,,,,,,,,,,,,,,,,,,,,,,,,,,,,,,,
めいら,速度,,,,1,,,1,1,1,1,,,,,,,,,,1,,,,,,,,,1,1,1,1,,1,,,,1,1,1,1,,,,,,,,,,,,,,1,1,,,,,,,1,1,1,1,,,1,1,1,1,,,,,,1,1,1,1,1,1,1,1,1,1,1,1,1,1,1,1,1,,,,,,,,,,,,,,,,,,,,,,,,,,,,,,,,,,
エレン,普通,,,,,,,,,1,1,,,,,,,,,,,,1,1,1,,,,,,,,,,,,,,,,1,1,,,,,,,,,1,,1,,,,,,,,,,,1,1,1,1,,,,1,1,1,,,,,,1,1,1,1,1,1,1,1,1,1,1,1,1,1,1,1,1,,,,,,,,,,,,,,,,,,,,,,,,,,,,,,,,,,
エレン,力量,,,,,1,1,1,1,1,1,,,,,,,,,,,,1,1,1,,,,1,,1,,,,,,,,,1,1,1,1,1,1,1,,,,,1,1,1,1,,,,,,,1,,,1,1,1,1,,,,1,1,1,,,1,,,1,1,1,1,1,1,1,1,1,1,1,1,1,1,1,1,1,,,,,,,,,,,,,,,,,,,,,,,,,,,,,,,,,,
エレン,速度,,,,,1,1,1,1,1,1,,,,,,,,,,,,1,1,1,,,1,,,,,,,,,,,,1,1,1,,,,,1,1,,1,1,1,1,1,,,,,,,1,,,1,1,1,1,,,,1,1,1,1,,1,,,1,1,1,1,1,1,1,1,1,1,1,1,1,1,1,1,1,,,,,,,,,,,,,,,,,,,,,,,,,,,,,,,,,,
ことひめ,普通,,,,,,,,,1,1,,,,,,,,,,,,1,,,1,,,,,,,,,,,,,,,1,1,,,,,,,,,,,,,,,,,,,,,,1,1,1,1,,,1,1,1,1,,1,,,,1,1,1,1,1,1,1,1,1,1,1,1,1,1,1,1,1,,,,,,,,,,,,,,,,,,,,,,,,,,,,,,,,,,
ことひめ,辅助,,,,,,,,1,1,1,,,,,,,,,,,,1,,,1,,,,,,,,,,,,,1,1,1,1,,,,,,,,,,,,,,,,,,,1,,1,1,1,1,1,,,1,1,1,1,,1,,,1,1,1,1,1,1,1,1,1,1,1,1,1,1,1,1,1,1,,,,,,,,,,,,,,,,,,,,,,,,,,,,,,,,,,
ことひめ,防御,,,,,,,,1,1,1,,,,,,,,,,,,1,,,1,,,,,,,,,,,,,1,1,1,1,,,,,,,,,,,,,,,,,,,1,,1,1,1,1,1,,,1,1,1,1,,1,,,1,1,1,1,1,1,1,1,1,1,1,1,1,1,1,1,1,1,,,,,,,,,,,,,,,,,,,,,,,,,,,,,,,,,,
カナ,普通,,,,,,,,,1,1,,,,,,,,,,,,,,,,,1,,,,,,,,,,,,,1,1,,,,,,,,,1,,,,,,,,,,,,,1,1,1,,,1,1,1,1,1,1,1,,,,1,1,1,1,1,1,1,1,1,1,1,1,1,1,1,1,1,,,,,,,,,,,,,,,,,,,,,,,,,,,,,,,,,,
カナ,辅助,,1,1,1,,,1,1,1,1,,,,,,,,,,,,,,,,,1,,,,1,,,,,1,1,1,1,1,1,,,,,,,,,1,,,,,1,1,1,,,,,1,1,1,1,,,1,1,1,1,1,1,1,,,,1,1,1,1,1,1,1,1,1,1,1,1,1,1,1,1,1,,,,,,,,,,,,,,,,,,,,,,,,,,,,,,,,,,
カナ,力量,,1,1,1,,,1,1,1,1,,,,1,,,,,,1,,,,,,,1,,,,1,,,,,1,1,1,1,1,1,,,,,,,,,1,,,,,1,1,1,,,,,1,1,1,1,,,1,1,1,1,1,1,1,,,,1,1,1,1,1,1,1,1,1,1,1,1,1,1,1,1,1,,,,,,,,,,,,,,,,,,,,,,,,,,,,,,,,,,
りかこ,普通,,,,,,,,,1,,,,,,,,,,,,,,,,,,,,,,,,,,,,,,,1,1,,,,,,,,,1,,1,,,,,,,,,1,,1,1,,,,,1,1,1,1,,1,,,,1,1,1,1,1,1,1,1,1,1,1,1,1,1,1,1,1,,,,,,,,,,,,,,,,,,,,,,,,,,,,,,,,,,
りかこ,力量,,,,,1,,,1,1,,,,,,,,,,,,,,,,,,,,,,,,,,,,,,1,1,1,1,1,,,,,,,1,1,1,1,1,,,,,,,1,,1,1,,,,,1,1,1,1,,1,,,,1,1,1,1,1,1,1,1,1,1,1,1,1,1,1,1,1,,,,,,,,,,,,,,,,,,,,,,,,,,,,,,,,,,
りかこ,速度,,,,,1,,,1,1,,,,,,,,,,,,,,,,,,,,,,,,,,,,,,1,1,1,,,1,1,,,1,,1,,1,,1,,,,,,,1,,1,1,,,,,1,1,1,1,,1,,,,1,1,1,1,1,1,1,1,1,1,1,1,1,1,1,1,1,,,,,,,,,,,,,,,,,,,,,,,,,,,,,,,,,,
ちゆり,普通,,,,,,,,,1,1,,,,,,,,1,,1,,,,1,1,,,,,,,,,1,,,,,,,,,,,,,,,,1,,1,,1,,,,,,,1,,1,1,1,,,1,1,1,1,1,,,,,,1,1,1,1,1,1,1,1,1,1,1,1,1,1,1,1,1,,,,,,,,,,,,,,,,,,,,,,,,,,,,,,,,,,
ちゆり,防御,,1,,,1,1,,1,1,1,,,1,,,,,1,1,1,,,,1,1,,,,,,,1,,1,,,,,1,,,,,1,1,,,,1,1,1,1,1,1,,,,,1,,1,,1,1,1,,,1,1,1,1,1,,,,,,1,1,1,1,1,1,1,1,1,1,1,1,1,1,1,1,1,,,,,,,,,,,,,,,,,,,,,,,,,,,,,,,,,,
ちゆり,速度,,1,,,1,1,,,1,1,,,1,,,1,1,1,,1,,,,1,1,1,,,,,,,,1,,,,,1,,,,,1,1,,,,1,1,,1,,1,,,,,,,1,,1,1,1,,,1,1,1,1,1,,,,,,1,1,1,1,1,1,1,1,1,1,1,1,1,1,1,1,1,,,,,,,,,,,,,,,,,,,,,,,,,,,,,,,,,,
ゆめみ,普通,,,,,,,,,1,1,,,,,,,,,,,,,,1,,,,,,,,,,,,,,,,,,,,,,,,,,1,,1,,,,,,,,,1,,1,1,,,,,1,1,1,,1,,,,,1,1,,1,1,1,1,1,1,1,1,1,1,1,1,1,1,,,,,,,,,,,,,,,,,,,,,,,,,,,,,,,,,,
ゆめみ,力量,1,1,,,1,,,1,1,1,,,1,,,,,,,,,,,1,,1,,,,,,,,,,,,,1,,,,1,1,,,,,,1,,1,,1,,,,,,,1,,1,1,,,,,1,1,1,,1,,,,,1,1,,1,1,1,1,1,1,1,1,1,1,1,1,1,1,,,,,,,,,,,,,,,,,,,,,,,,,,,,,,,,,,
ゆめみ,速度,1,1,,,1,,,1,1,1,1,1,,,,,,,,,,,,1,,,,,,,,,,,,,,,1,,1,1,,,,,,,,1,1,1,1,1,,,,,,,1,,1,1,,,,,1,1,1,,1,,,,,1,1,,1,1,1,1,1,1,1,1,1,1,1,1,1,1,,,,,,,,,,,,,,,,,,,,,,,,,,,,,,,,,,
ミミちゃん＆る～こと,普通,,,,,,,,,1,1,,,,,,,,,,,,,,1,,,,,,,,,,,,,,,,,,,,,,,,,,1,,,,,,,,,,,,,1,1,1,,,,,1,1,1,,,,,,1,1,,1,1,1,1,1,1,1,1,1,1,1,1,1,1,,,,,,,,,,,,,,,,,,,,,,,,,,,,,,,,,,
ミミちゃん＆る～こと,辅助,1,,,,,,,1,1,1,1,,,,,,,,,,,1,,1,,,,,,,,,,,,,,,,,,,,,,,,,,1,,,,,,,,,,,,,1,1,1,,,,,1,1,1,,,,,1,1,1,,1,1,1,1,1,1,1,1,1,1,1,1,1,1,,,,,,,,,,,,,,,,,,,,,,,,,,,,,,,,,,
ミミちゃん＆る～こと,力量,1,,,,,,,1,1,1,1,1,,,,,,,,,,,,1,,,,,,,,,,,,,,,,,,,,,,,,,,1,,,,,,,,,,,,,1,1,1,,,,,1,1,1,,,,,,1,1,,1,1,1,1,1,1,1,1,1,1,1,1,1,1,,,,,,,,,,,,,,,,,,,,,,,,,,,,,,,,,,
オレンジ,普通,,,,,,,,,1,1,,,,,,,,,,,,,,,,,,,,,,,,,,,,,,,,,,,,,,,,,,,,,,,,,,,,,1,1,1,,,,,1,1,1,1,,,,,1,,,1,1,1,1,1,1,1,1,1,1,1,1,1,1,,,,,,,,,,,,,,,,,,,,,,,,,,,,,,,,,,
オレンジ,防御,,,,,,1,,1,1,1,,,,,,,,,,,,,,,,,,,,,,,,,,1,1,,1,,,1,1,1,1,,,,,,1,,1,1,,1,,,1,1,,1,1,1,1,,,,,1,1,1,1,,,,1,1,,,1,1,1,1,1,1,1,1,1,1,1,1,1,1,,,,,,,,,,,,,,,,,,,,,,,,,,,,,,,,,,
オレンジ,力量,,,,,,1,,1,1,1,,,,,,,,,,,,,,,,,,,,,,,,,,1,1,,1,,,,,,,,,,,,,,,,,,,,,,,,1,1,1,,,,,1,1,1,1,,,,1,1,,,1,1,1,1,1,1,1,1,1,1,1,1,1,1,,,,,,,,,,,,,,,,,,,,,,,,,,,,,,,,,,
くるみ,普通,,,,,,,,,1,1,,,,,,,,,,,,,1,,,,,,,,,,,,,,1,,,1,1,,,,,,,,,1,,,,,,,,,,,,,1,1,,,,,1,1,1,1,,,,,,1,1,,1,1,1,1,1,1,1,1,1,1,1,1,1,1,,,,,,,,,,,,,,,,,,,,,,,,,,,,,,,,,,
くるみ,力量,,,,1,,,1,1,1,1,,,,1,,,,,,,,,1,,,,,1,,,,,,,,,1,,1,1,1,1,1,,,,,,,1,,,,,1,,,,1,,,,1,1,,,,,1,1,1,1,,,,,,1,1,,1,1,1,1,1,1,1,1,1,1,1,1,1,1,,,,,,,,,,,,,,,,,,,,,,,,,,,,,,,,,,
くるみ,辅助,,,,1,,,1,1,1,1,,,,,,,,,,,,,1,,,,1,1,,,1,,,,,,1,,1,1,1,1,1,,1,,,,,1,,,,,1,1,1,1,,,,,1,1,,,,,1,1,1,1,,1,,,1,1,1,,1,1,1,1,1,1,1,1,1,1,1,1,1,1,,,,,,,,,,,,,,,,,,,,,,,,,,,,,,,,,,
エリー,普通,,,,,,,,,1,1,,,,,,,,1,,1,,1,,,,,,,,,,,,,,,,,,1,1,,,,,,,,,1,,,,,,,,,,,,,1,1,,,,,1,,,1,,,,,,1,,1,1,1,1,1,1,1,1,1,1,1,1,1,1,1,,,,,,,,,,,,,,,,,,,,,,,,,,,,,,,,,,
エリー,力量,,,,1,,,,1,1,1,,,,,,,1,1,,1,,1,1,,,,,,,,,,,,,,,,1,1,1,,,,,,,,1,1,,,,,,,,,1,,,,1,1,,,,,1,,,1,,,,,,1,,1,1,1,1,1,1,1,1,1,1,1,1,1,1,1,,,,,,,,,,,,,,,,,,,,,,,,,,,,,,,,,,
エリー,防御,,,,1,,,,1,1,1,,,,,,1,1,1,,1,,1,,,,,,,,,,,,,,,,1,1,1,1,,,,,,,1,1,1,,,,,,,,,1,,,,1,1,,,,,1,,,1,,,,,1,1,,1,1,1,1,1,1,1,1,1,1,1,1,1,1,1,,,,,,,,,,,,,,,,,,,,,,,,,,,,,,,,,,
ゆうか,普通,,,,,,,,,1,,,,,,1,,,1,,,,,,,,,,,,,,,,,,,,,,,,,,,,,,,,,,,,,,,,,,,,,1,1,1,,,,,,,1,,,,,,1,,1,1,1,1,1,1,1,1,1,1,1,1,1,1,1,,,,,,,,,,,,,,,,,,,,,,,,,,,,,,,,,,
ゆうか,力量,,,1,,1,1,1,,1,,,,,1,1,,1,1,1,,,,,,,,,,,,1,,,1,,,,,1,,,,1,1,,1,1,,,,1,,,,,,,,1,,,,1,1,1,,,,,,,1,,,,,,1,,1,1,1,1,1,1,1,1,1,1,1,1,1,1,1,,,,,,,,,,,,,,,,,,,,,,,,,,,,,,,,,,
ゆうか,防御,,,1,,1,1,1,,1,,,,,1,1,,1,1,1,,,,,,,,,,,,,,,1,,,,,1,,,,,,,1,1,1,,,,,,,,,,,1,,,,1,1,1,,,,,,,1,,,,,,1,,1,1,1,1,1,1,1,1,1,1,1,1,1,1,1,,,,,,,,,,,,,,,,,,,,,,,,,,,,,,,,,,
むげつ,普通,,,,,,,,,1,1,,,,,,,,,,,,,1,,1,1,,,1,,,,,,,,,,,,,,,,,,,,,,,,,,,,,,,,,,1,1,,1,,1,,,1,1,1,,,,,1,,,1,1,1,1,1,1,1,1,1,1,1,1,1,1,,,,,,,,,,,,,,,,,,,,,,,,,,,,,,,,,,
むげつ,力量,,,,1,,,1,1,1,1,,,1,,,,1,,,,,,1,,1,1,,,1,,,,,,,1,,,1,,,1,1,,,,,,,,,,,1,,,,,,,,,1,1,,1,,1,,,1,1,1,,,,,1,,,1,1,1,1,1,1,1,1,1,1,1,1,1,1,,,,,,,,,,,,,,,,,,,,,,,,,,,,,,,,,,
むげつ,辅助,,,,1,,,1,1,1,1,,,1,,,,1,,,,,,1,,1,1,,,1,,,,,,,1,,,1,,,,,,,,1,,,,,,,1,,,,,,,,1,1,1,,1,1,1,,,1,1,1,,,,,1,,,1,1,1,1,1,1,1,1,1,1,1,1,1,1,,,,,,,,,,,,,,,,,,,,,,,,,,,,,,,,,,
げんげつ,普通,,,,,,,,,1,1,,,,,,,,,,,,,,,,,,,1,,,,,,,,,,,1,1,,,,,,,,,,,,,,,,,,,,,,1,1,,,,,1,,,,,,,,,1,,1,1,1,1,1,1,1,1,1,1,1,1,1,1,1,,,,,,,,,,,,,,,,,,,,,,,,,,,,,,,,,,
げんげつ,力量,,,,1,,1,,1,1,1,,1,,,,,,,,,1,,,,,1,,,1,,,,,,,1,,,1,1,1,,,,,,,,,,,,,1,,,,,,,,,1,1,,,,,1,,,,,,,,,1,1,1,1,1,1,1,1,1,1,1,1,1,1,1,1,1,,,,,,,,,,,,,,,,,,,,,,,,,,,,,,,,,,
げんげつ,速度,,,,1,,1,,1,1,1,,,,,,,,,,,,,,,,1,,,1,,,,,,,1,,,1,1,1,,1,,,1,,,,,,,,1,,1,,,,1,,,1,1,,,,,1,,,,,,,,,1,,1,1,1,1,1,1,1,1,1,1,1,1,1,1,1,,,,,,,,,,,,,,,,,,,,,,,,,,,,,,,,,,
サラ,普通,,,,,,,,,1,1,,,,,,,,1,,,,,,,1,,,,,,,,,1,,,,,,1,1,,,,,,,,,1,,1,,,,,,,,,,,1,1,1,,,1,,1,1,1,,,,,,1,1,,1,1,1,1,1,1,1,1,1,1,1,1,1,1,,,,,,,,,,,,,,,,,,,,,,,,,,,,,,,,,,
サラ,防御,1,,,,,1,,1,1,1,1,1,,,,1,1,1,1,,,,,,1,,,,,,,1,1,1,1,1,,,1,1,1,,1,,,,,,,1,,1,,,,,,,,,,,1,1,1,,1,1,,1,1,1,,,,,,1,1,,1,1,1,1,1,1,1,1,1,1,1,1,1,1,,,,,,,,,,,,,,,,,,,,,,,,,,,,,,,,,,
サラ,速度,1,,,,,1,,1,1,1,,,,,,1,1,1,,,,,,,1,,,,,,,1,1,1,,,,,1,1,1,,,,,,,,,1,,1,,,,,,,,,,,1,1,1,,,1,,1,1,1,,,,,,1,1,,1,1,1,1,1,1,1,1,1,1,1,1,1,1,,,,,,,,,,,,,,,,,,,,,,,,,,,,,,,,,,
ルイズ,普通,,,,,,,,,1,1,,,,,1,,,1,,,,1,1,1,1,,,,,,,,,,,,,,,1,1,,,,,,,,,1,,1,,,,,,,,,,,1,1,1,1,,,1,1,1,1,1,1,,,,1,1,,1,1,1,1,1,1,1,1,1,1,1,1,1,1,,,,,,,,,,,,,,,,,,,,,,,,,,,,,,,,,,
ルイズ,力量,,,,1,1,1,,1,1,1,,,,,1,,,1,,,1,1,1,1,1,,,,,,1,,,,,,,,1,1,1,1,1,,,,,,,1,1,1,,,,,,,1,,,1,1,1,1,1,,,1,1,1,1,1,1,,,,1,1,,1,1,1,1,1,1,1,1,1,1,1,1,1,1,,,,,,,,,,,,,,,,,,,,,,,,,,,,,,,,,,
ルイズ,辅助,,,,1,1,1,,1,1,1,,,,,1,,,1,,,,1,1,1,1,,,,,,,,,,,,,,1,1,1,,,,,,,,,1,,1,,,,,,1,1,,,1,1,1,1,1,1,,1,1,1,1,1,1,,,,1,1,,1,1,1,1,1,1,1,1,1,1,1,1,1,1,,,,,,,,,,,,,,,,,,,,,,,,,,,,,,,,,,
アリス,普通,,,,,,,,,1,1,,,,,,,,,,1,,,,,,,,,,,,,,,,,1,,,1,1,,,,,,,,,1,,,,,,,,,,,1,,1,1,1,,,,1,1,1,1,,,,,,1,1,1,1,1,1,1,1,1,1,1,1,1,1,1,1,1,,,,,,,,,,,,,,,,,,,,,,,,,,,,,,,,,,
アリス,力量,,,,,,1,,1,1,1,,,,,,,,,1,1,,,,,,1,,,,,,,,,,,1,,1,1,1,,,,,,1,,1,1,,,1,1,,,,,,1,1,,1,1,1,,,,1,1,1,1,,,1,,,1,1,1,1,1,1,1,1,1,1,1,1,1,1,1,1,1,,,,,,,,,,,,,,,,,,,,,,,,,,,,,,,,,,
アリス,防御,,,,,,1,,1,1,1,,,,,,,,,1,1,,,,,,,,1,,,,,,,,1,1,,1,1,1,,,,,,1,,1,1,,,,1,,,,,,1,1,,1,1,1,,,,1,1,1,1,,,1,,1,1,1,1,1,1,1,1,1,1,1,1,1,1,1,1,1,1,,,,,,,,,,,,,,,,,,,,,,,,,,,,,,,,,,
ユキ,普通,,,,,,,,,1,1,,,,,1,,,,,,,,,,,,1,,,,,,,,,,1,,,1,1,,,,,,,,,1,,,,,,,,,,,,,1,1,1,,,1,1,1,1,1,,,,,,1,1,1,1,1,1,1,1,1,1,1,1,1,1,1,1,1,,,,,,,,,,,,,,,,,,,,,,,,,,,,,,,,,,
ユキ,速度,1,,1,,,1,,1,1,1,1,1,,1,1,,,,,,,,,,,,1,,,,,,,,,,1,,1,1,1,1,1,,,1,1,,,1,,,,,,,1,,,,,1,1,1,1,,1,1,1,1,1,1,,,,,,1,1,1,1,1,1,1,1,1,1,1,1,1,1,1,1,1,,,,,,,,,,,,,,,,,,,,,,,,,,,,,,,,,,
ユキ,力量,1,1,1,,,1,,1,1,1,1,1,1,,1,,,,,,,,,,,,1,,,,,,,,,,1,,1,1,1,1,1,1,1,,,,,1,,,,,,,1,,,,,,1,1,1,,1,1,1,1,1,1,,,,,,1,1,1,1,1,1,1,1,1,1,1,1,1,1,1,1,1,,,,,,,,,,,,,,,,,,,,,,,,,,,,,,,,,,
マイ,普通,,,,,,,,,1,1,,,,,,,,1,,,,,,,,,1,,1,,,,,,,,,1,,1,1,,,,,,,,,1,,,,,,,,,,,,,1,1,1,,,1,1,1,1,1,,1,,,,1,1,1,1,1,1,1,1,1,1,1,1,1,1,1,1,1,,,,,,,,,,,,,,,,,,,,,,,,,,,,,,,,,,
マイ,力量,,1,,,,,1,1,1,1,,,1,,,1,,1,,,,,,,,,1,,1,,,,,,,,,1,1,1,1,,,1,1,,,,,1,,,,,1,,,,,,,,1,1,1,,,1,1,1,1,1,,1,,,1,1,1,1,1,1,1,1,1,1,1,1,1,1,1,1,1,1,,,,,,,,,,,,,,,,,,,,,,,,,,,,,,,,,,
マイ,防御,1,1,,,,,1,1,1,1,1,1,1,,,1,,1,,,,,,,,,1,1,1,,,,,,,,,1,1,1,1,,,1,1,,,,,1,,,,,1,,,,,1,,,1,1,1,,1,1,1,1,1,1,,1,,,,1,1,1,1,1,1,1,1,1,1,1,1,1,1,1,1,1,,,,,,,,,,,,,,,,,,,,,,,,,,,,,,,,,,
ゆめこ,普通,,,,,,,,,1,1,,,,,,,,,,,,,,,,,,,,,,,,1,1,,,,,,,,,,,,,,,,,,,,,,,,,,,,1,1,1,,,,,,,1,,,,,,1,1,1,1,1,1,1,1,1,1,1,1,1,1,1,1,1,,,,,,,,,,,,,,,,,,,,,,,,,,,,,,,,,,
ゆめこ,力量,1,,,,,,,1,1,1,,,,,,1,,,,1,,,,,,,,,,,,,,1,1,,,,1,,,,,,,,,,1,,,,,,,,,,,,,,1,1,1,,,,,,,1,,,,,,1,1,1,1,1,1,1,1,1,1,1,1,1,1,1,1,1,,,,,,,,,,,,,,,,,,,,,,,,,,,,,,,,,,
ゆめこ,速度,1,,,,,,,,1,1,,,,,,,,,,1,,,,,,,1,,,,,,,1,1,,1,,1,,,,,,,,,,1,,,,,,,,,,,,,,1,1,1,,,,,,,1,,,,,,1,1,1,1,1,1,1,1,1,1,1,1,1,1,1,1,1,,,,,,,,,,,,,,,,,,,,,,,,,,,,,,,,,,
しんき,普通,,,,,,,,,1,1,,,,,,,,,,,,,,,1,,,,1,,,,,,,,,,,,,,,,,,,,,,,,,,,,,,,,1,,1,1,,,,,,,,,,,,,,1,,1,1,1,1,1,1,1,1,1,1,1,1,1,1,1,,,,,,,,,,,,,,,,,,,,,,,,,,,,,,,,,,
しんき,力量,,,,,,1,1,1,1,1,,1,,,,,1,,,,,,,,1,,,,1,,,,,,,1,,,1,,,,,,,,,,,,,,,,1,,,,,1,1,1,1,1,,,,,,,,,,,,,,1,,1,1,1,1,1,1,1,1,1,1,1,1,1,1,1,,,,,,,,,,,,,,,,,,,,,,,,,,,,,,,,,,
しんき,速度,,,,,,1,1,1,1,1,,1,,,,,1,,,,,,,,1,,,,1,,,,,,,1,,,1,,,,,,,,,,,,,,,1,,,,,,1,1,,1,1,,,,,,,,,,,,,,1,,1,1,1,1,1,1,1,1,1,1,1,1,1,1,1,,,,,,,,,,,,,,,,,,,,,,,,,,,,,,,,,,
ルーミア,普通,,,,,,,,,1,1,,,,,1,,,,,,,1,,,,,1,,1,,,,,,,,,,,1,1,,,,,,,,,1,,,,,,,,,,,,,1,1,1,,,1,1,1,1,1,,1,1,,,1,1,,1,1,1,1,1,1,1,1,1,1,1,1,1,1,,,,,,,,,,,,,,,,,,,,,,,,,,,,,,,,,,
ルーミア,防御,1,,,,,,1,1,1,1,,,,,1,,,,,,,1,,,,,1,1,1,,1,1,,,,,,,1,1,1,,,,,,,,,1,,,,,1,,,,,,,,1,1,1,,1,1,1,1,1,1,,1,1,,,1,1,,1,1,1,1,1,1,1,1,1,1,1,1,1,1,,,,,,,,,,,,,,,,,,,,,,,,,,,,,,,,,,
ルーミア,力量,1,,,,,,1,1,1,1,1,,,,1,,,,,,,1,,,,,1,1,1,,1,,,,,,,,1,1,1,1,,,,,,,,1,,,,,1,1,,,,1,,,1,1,1,,1,1,1,1,1,1,,1,1,,,1,1,,1,1,1,1,1,1,1,1,1,1,1,1,1,1,,,,,,,,,,,,,,,,,,,,,,,,,,,,,,,,,,
だいようせい,普通,,,,,,,,,1,1,,,,,1,,,1,,,,1,1,1,1,,1,,,,,,,,,,,,,1,1,,,,,,,,,1,,,,,,,,,,,,,1,1,1,1,,,1,1,1,1,1,1,,,,1,1,,1,1,1,1,1,1,1,1,1,1,1,1,1,1,,,,,,,,,,,,,,,,,,,,,,,,,,,,,,,,,,
だいようせい,防御,,,1,1,,1,,1,1,1,,,1,1,1,,,1,,,,1,1,1,1,1,1,,,,,,,,,,,,1,1,1,,,,1,1,1,,1,1,,,,1,,,,,,,,1,1,1,1,1,,,1,1,1,1,1,1,,,1,1,1,,1,1,1,1,1,1,1,1,1,1,1,1,1,1,,,,,,,,,,,,,,,,,,,,,,,,,,,,,,,,,,
だいようせい,速度,,,1,1,,1,,1,1,1,,,1,1,1,,,1,,,,1,1,1,1,1,1,,,,,,,,,,,,1,1,1,,,,,1,1,,,1,,,,,,,,,,,,,1,1,1,1,,,1,1,1,1,1,1,,,,1,1,,1,1,1,1,1,1,1,1,1,1,1,1,1,1,,,,,,,,,,,,,,,,,,,,,,,,,,,,,,,,,,
チルノ,普通,,,,,,,,,1,1,,,,,1,,,,,,,,,,,,,,,,,,,1,,,,,,,,,,,,,,,,1,,1,,,,,,,,,,,1,1,1,1,,1,1,1,1,1,,1,,,,1,1,1,1,1,1,1,1,1,1,1,1,1,1,1,1,1,,,,,,,,,,,,,,,,,,,,,,,,,,,,,,,,,,
チルノ,辅助,,,1,1,,1,,1,1,1,,,,,1,,,,,,,,,,,,,,,,,,,1,,,,,1,,,,1,1,1,,1,,,1,,1,,,,,,,,,1,,1,1,1,1,,1,1,1,1,1,,1,,,1,1,1,1,1,1,1,1,1,1,1,1,1,1,1,1,1,1,,,,,,,,,,,,,,,,,,,,,,,,,,,,,,,,,,
チルノ,力量,,,1,1,,1,,1,1,1,,,,1,1,,,,,,,,,,,,,,,,,1,1,1,,,,,1,,,,,1,1,1,1,,,1,,1,,,,,,,,,,,1,1,1,1,,1,1,1,1,1,,1,,,1,1,1,1,1,1,1,1,1,1,1,1,1,1,1,1,1,1,,,,,,,,,,,,,,,,,,,,,,,,,,,,,,,,,,
めいりん,普通,,,,,,,,,1,1,,,,,,,,1,1,,,,,,1,,,,,,,,1,1,1,,,,,,,,,,,,,,,,,,,,,,,,,,,,1,1,1,,,,,1,1,1,,,,,,1,1,,1,1,1,1,1,1,1,1,1,1,1,1,1,1,,,,,,,,,,,,,,,,,,,,,,,,,,,,,,,,,,
めいりん,速度,,,,,,1,,1,1,1,,,,,,1,1,1,1,,,,,,1,,,,,,,1,1,1,1,,,,1,,,,,,,,,,,,,,,,,,,,1,,,,1,1,1,,,,,1,1,1,,,,,,1,1,,1,1,1,1,1,1,1,1,1,1,1,1,1,1,,,,,,,,,,,,,,,,,,,,,,,,,,,,,,,,,,
めいりん,防御,,,,,,1,,1,1,1,,,,,,1,1,1,1,,,,,,1,,,,,,,,1,1,1,,,,1,,,,,,,,,,,,,,,,,,,,1,,,,1,1,1,,,,,1,1,1,,,,,1,1,1,,1,1,1,1,1,1,1,1,1,1,1,1,1,1,,,,,,,,,,,,,,,,,,,,,,,,,,,,,,,,,,
こあくま,普通,,,,,,,,,1,1,,,,,,,,,,,,,,,,,,,1,,,,,,,,,,,1,1,,,,,,,,,,,,,,,,,,,1,1,,1,1,,1,,,1,1,1,1,,,1,,,1,,1,1,1,1,1,1,1,1,1,1,1,1,1,1,1,,,,,,,,,,,,,,,,,,,,,,,,,,,,,,,,,,
こあくま,防御,,,,,,,1,1,1,1,,,,,,,,,,,,,,,,,,,1,,,,,,,,1,1,1,1,1,1,1,,1,,,,,,,,1,1,1,,,,,1,1,,1,1,,1,1,,1,1,1,1,,,1,,,1,,1,1,1,1,1,1,1,1,1,1,1,1,1,1,1,,,,,,,,,,,,,,,,,,,,,,,,,,,,,,,,,,
こあくま,辅助,,,,,,,1,1,1,1,,,,,,,,,,,,,,,,,,,1,,,,,,,,1,,1,1,1,,1,,,,,,,,,,,,1,,,,,1,1,,1,1,,1,,,1,1,1,1,,,1,,,1,,1,1,1,1,1,1,1,1,1,1,1,1,1,1,1,,,,,,,,,,,,,,,,,,,,,,,,,,,,,,,,,,
パチュリー,普通,,,,,,,,,1,,,,,,,,,,,,,,,,,,,,,,,,,,,,,,,,,,,,,,,,,1,,,,,,,,,,,,,1,1,,,,,,1,,1,,,,,,1,,,1,1,1,1,1,1,1,1,1,1,1,1,1,1,,,,,,,,,,,,,,,,,,,,,,,,,,,,,,,,,,
パチュリー,力量,,,,,,,,,1,,,,,,,,,,,,,,,,,,,,,,,,,,,,,,1,,,1,1,1,1,,,,1,1,,,,1,1,,,,1,,,,1,1,,,,,,,1,1,1,,,,,1,,,1,1,1,1,1,1,1,1,1,1,1,1,1,1,,,,,,,,,,,,,,,,,,,,,,,,,,,,,,,,,,
パチュリー,防御,,,,,,,,,1,,,,,,,,,,,,,,,,,,,,,,,,,,,,,,1,,,,,,,1,1,1,,1,1,,1,1,1,,,,1,,,,1,1,,,,,,1,,1,,,,,,1,,,1,1,1,1,1,1,1,1,1,1,1,1,1,1,,,,,,,,,,,,,,,,,,,,,,,,,,,,,,,,,,
さくや,普通,,,,,,,,,1,1,,,,,,,,1,,,,,,,,,1,,1,,,,,,,,,,,,,,,,,,,,,1,,,,,,,,,,,,,1,1,,,,,,1,1,1,,,,,,1,,,1,1,1,1,1,1,1,1,1,1,1,1,1,1,,,,,,,,,,,,,,,,,,,,,,,,,,,,,,,,,,
さくや,速度,,,,,,,1,1,1,1,,,,,,,,1,,,,,,,,,1,,1,,,,1,,,1,1,,1,,,,,,,,,,1,1,,,,,,1,,,1,1,,,1,1,,,,,,1,1,1,,,,,,1,,,1,1,1,1,1,1,1,1,1,1,1,1,1,1,,,,,,,,,,,,,,,,,,,,,,,,,,,,,,,,,,
さくや,力量,,,,,,,1,1,1,1,,,,,,,,1,,,,,,,,,1,,1,,,,1,1,,,,,1,,,,,,,,,,1,1,,,,,,,,,1,,,,1,1,,,,,,1,1,1,,,,,,1,,,1,1,1,1,1,1,1,1,1,1,1,1,1,1,,,,,,,,,,,,,,,,,,,,,,,,,,,,,,,,,,
レミリア,普通,,,,,,,,,1,1,1,,,,,,,,,,,1,,,,,1,,,,,,,,,,,,,,,,,,,,,,,1,,,,,,,,,,,,,1,1,,1,,,,,1,1,1,,,,,1,,1,1,1,1,1,1,1,1,1,1,1,1,1,1,1,,,,,,,,,,,,,,,,,,,,,,,,,,,,,,,,,,
レミリア,力量,1,1,,1,1,,1,1,1,1,1,,,,,,,,,,,1,,,,,1,,,,,,,,,,,,1,,,,1,,,,,,,1,,,,,1,,,,1,,,,1,1,,1,,,,,1,1,1,,,,,1,,1,1,1,1,1,1,1,1,1,1,1,1,1,1,1,,,,,,,,,,,,,,,,,,,,,,,,,,,,,,,,,,
レミリア,速度,1,1,,1,1,,1,1,1,1,1,,,,,,,,,,,1,,,,,1,,,,,,,,,,,,1,,,,1,,,,,,,1,,,,,1,,,,1,,,,1,1,,1,,,,,1,1,1,,,,,1,,1,1,1,1,1,1,1,1,1,1,1,1,1,1,1,,,,,,,,,,,,,,,,,,,,,,,,,,,,,,,,,,
フランドール,普通,,,,,,,,,1,,,,,,,,,,,,,,,,,,,,1,,,,,,,,1,,,,,,,,,,,,,,,,,,,,,,,,,,1,1,1,,,1,,,,1,,,,,,1,,1,1,1,1,1,1,1,1,1,1,1,1,1,1,1,,,,,,,,,,,,,,,,,,,,,,,,,,,,,,,,,,
フランドール,速度,1,,,,,1,1,1,1,,,1,,,,,,,,,,,,,1,1,,1,1,,,,,,,,1,,1,,,1,1,,,,,,,,,,,1,1,,,,,,,,1,1,1,,,1,,,,1,,,,,,1,,1,1,1,1,1,1,1,1,1,1,1,1,1,1,1,,,,,,,,,,,,,,,,,,,,,,,,,,,,,,,,,,
フランドール,力量,1,,,,,1,1,1,1,,,1,,,,,,,,,,,,,,,,,1,,,,,,,,1,,1,,,1,1,,,,,,,,,,,,1,,,,,,,,1,1,1,,,1,,,,1,,,,,,1,,1,1,1,1,1,1,1,1,1,1,1,1,1,1,1,,,,,,,,,,,,,,,,,,,,,,,,,,,,,,,,,,
レティ,普通,,,,,,,,,1,1,,,,,1,,,,,,,,,,,,,,,,,,,,,,,,,1,1,,,,,,,,,1,,,,,,,,,,,,,1,1,1,,,1,1,1,1,1,,,,,,1,1,,1,1,1,1,1,1,1,1,1,1,1,1,1,1,,,,,,,,,,,,,,,,,,,,,,,,,,,,,,,,,,
レティ,力量,,1,1,,,,,1,1,1,,,1,,1,,,,,,,,,,,,,,,,,,,,,,,,1,1,1,,,1,1,,,1,1,1,,,,,,,1,,,,1,,1,1,1,,,1,1,1,1,1,,,,,1,1,1,,1,1,1,1,1,1,1,1,1,1,1,1,1,1,,,,,,,,,,,,,,,,,,,,,,,,,,,,,,,,,,
レティ,防御,,1,1,,,,,1,1,1,,,1,1,1,,1,,,,,,,,,,,,,,,,,,,1,,,1,1,1,,,1,1,,1,,,1,,,,,,,,,,,1,,1,1,1,,,1,1,1,1,1,,,,,,1,1,,1,1,1,1,1,1,1,1,1,1,1,1,1,1,,,,,,,,,,,,,,,,,,,,,,,,,,,,,,,,,,
ちぇん,普通,,,,,,,,,1,1,,,,,1,,,,,,,1,1,,1,,,,,,,,,1,,,,,,1,1,,,,,,,,,1,,1,,,,,,,,,,,1,1,1,1,,,1,1,1,1,1,,,,,1,1,1,1,1,1,1,1,1,1,1,1,1,1,1,1,1,,,,,,,,,,,,,,,,,,,,,,,,,,,,,,,,,,
ちぇん,速度,,,,1,,,1,1,1,1,,,,,1,,,,,,,1,1,,1,,,,,,,,,1,,,,,1,1,1,,1,,,,,1,1,1,,1,,,,,,,,,,,1,1,1,1,,,1,1,1,1,1,,,,,1,1,1,1,1,1,1,1,1,1,1,1,1,1,1,1,1,,,,,,,,,,,,,,,,,,,,,,,,,,,,,,,,,,
ちぇん,辅助,,,,1,,,1,1,1,1,1,,,,1,,,,,,,1,1,,1,,,,,,,,,1,,,,,1,1,1,,,,,,1,1,1,1,,1,,,,,,,,,,,1,1,1,1,,,1,1,1,1,1,,,,,1,1,1,1,1,1,1,1,1,1,1,1,1,1,1,1,1,,,,,,,,,,,,,,,,,,,,,,,,,,,,,,,,,,
リリー,普通,,,,,,,,,1,1,,,,,1,,,,,,,,,1,,,,,,,,,,,,,1,,,1,1,,,,,,,,,1,,,,,,,,,,,,,1,1,1,1,,1,1,1,1,1,1,1,,,,1,1,1,1,1,1,1,1,1,1,1,1,1,1,1,1,1,,,,,,,,,,,,,,,,,,,,,,,,,,,,,,,,,,
リリー,辅助,,,1,,,1,,1,1,1,,,,1,1,,,,,,,,,1,,,,,,,,,,,,,1,1,1,1,1,1,1,1,1,1,1,,,1,,,1,1,,1,,,,,,1,1,1,1,1,,1,1,1,1,1,1,1,,,,1,1,1,1,1,1,1,1,1,1,1,1,1,1,1,1,1,,,,,,,,,,,,,,,,,,,,,,,,,,,,,,,,,,
リリー,力量,,,1,,,1,,1,1,1,,,,1,1,,,,,,,1,1,1,,,,,,,,,,,,,1,1,1,1,1,1,,,1,1,1,,,1,,,1,,,,,,,,,,1,1,1,1,,1,1,1,1,1,1,1,,,1,1,1,1,1,1,1,1,1,1,1,1,1,1,1,1,1,1,,,,,,,,,,,,,,,,,,,,,,,,,,,,,,,,,,
リリカ,普通,,,,,,,,,1,1,,,,,1,,,,,1,,,,,,,1,,1,1,,,,,,,,1,,,,,,,,,,,,1,,,,,,,,,,,,,1,1,,,,,1,1,1,1,1,1,,,,1,1,,1,1,1,1,1,1,1,1,1,1,1,1,1,1,,,,,,,,,,,,,,,,,,,,,,,,,,,,,,,,,,
リリカ,速度,1,,,,1,,1,1,1,1,,,,1,1,,,,,1,,,,,,,1,1,1,1,1,,,,,1,1,1,1,,,,,,,,,,,1,,,,,1,1,,,,1,,1,1,1,,,1,1,1,1,1,1,1,1,,,,1,1,,1,1,1,1,1,1,1,1,1,1,1,1,1,1,,,,,,,,,,,,,,,,,,,,,,,,,,,,,,,,,,
リリカ,力量,1,,,,1,,1,1,1,1,,,,,1,,,,,1,,,,,,,1,,1,1,,,,,,1,1,1,1,,,,,1,,,,,,1,,,,,,1,,1,,1,,1,1,1,,,1,1,1,1,1,1,1,1,,1,,1,1,,1,1,1,1,1,1,1,1,1,1,1,1,1,1,,,,,,,,,,,,,,,,,,,,,,,,,,,,,,,,,,
メルラン,普通,,,,,,,,,1,1,,,,,,,,1,,,,,,,,,1,,1,,,,,1,,,,,,,,,,,,,,,,1,,,,,,,,,,,,,1,1,1,1,,1,1,1,1,1,,1,,,,1,1,,1,1,1,1,1,1,1,1,1,1,1,1,1,1,,,,,,,,,,,,,,,,,,,,,,,,,,,,,,,,,,
メルラン,辅助,1,1,,,,,1,1,1,1,1,,,,,,,1,,,,,,,,,1,,1,1,,,,1,,,,1,1,,,1,1,,,,,,,1,,,,,,1,1,1,,,,1,1,1,1,1,,1,1,1,1,1,,1,,1,,1,1,,1,1,1,1,1,1,1,1,1,1,1,1,1,1,,,,,,,,,,,,,,,,,,,,,,,,,,,,,,,,,,
メルラン,力量,1,1,,,,,1,1,1,1,,,,,,1,,1,,,1,,,,,,1,1,1,1,1,1,1,1,1,,1,1,1,,,,,,,,,,,1,,,,,,1,1,,1,,,1,1,1,1,1,,1,1,1,1,1,,1,,1,,1,1,,1,1,1,1,1,1,1,1,1,1,1,1,1,1,,,,,,,,,,,,,,,,,,,,,,,,,,,,,,,,,,
ルナサ,普通,,,,,,,,,1,1,,,,,,,,,,1,,,,,,,1,,1,,,,,,,,,,,,,,,,,,,,,1,,,,,,,,,,,,,1,1,1,1,,,1,1,1,1,,1,,1,,1,,1,1,1,1,1,1,1,1,1,1,1,1,1,1,1,,,,,,,,,,,,,,,,,,,,,,,,,,,,,,,,,,
ルナサ,辅助,,,1,,,,1,1,1,1,,,,1,,,,,,1,,,,,,,1,1,1,,1,,,,,1,,1,1,,,,,,,,,,1,1,,,,,1,1,1,,,,,1,1,1,1,1,,,1,1,1,1,,1,,1,,1,,1,1,1,1,1,1,1,1,1,1,1,1,1,1,1,,,,,,,,,,,,,,,,,,,,,,,,,,,,,,,,,,
ルナサ,防御,,,1,,,,1,1,1,1,,,,1,,,,,,1,,,,,,,1,1,1,,1,,,,,1,,1,1,,,,,,,,,,1,1,,,,,1,1,1,1,,,,1,1,1,1,1,,,1,1,1,1,,1,,1,1,1,,1,1,1,1,1,1,1,1,1,1,1,1,1,1,1,,,,,,,,,,,,,,,,,,,,,,,,,,,,,,,,,,
ようむ,普通,,,,,,,,,1,1,,,,,,,,1,,1,,,,,,,,,1,1,,,,1,,,,,,1,1,,,,,,,,,1,,,,,,,,,,,,,1,1,,,,,1,1,1,1,,,,,,1,1,,1,1,1,1,1,1,1,1,1,1,1,1,1,1,,,,,,,,,,,,,,,,,,,,,,,,,,,,,,,,,,
ようむ,速度,,,1,,,,1,1,1,1,,,,,,,1,1,,1,,,,,,,,,1,1,,1,1,1,,,,,1,1,1,,,,,,,1,1,1,,1,,,1,1,1,,,,,,1,1,,,,,1,1,1,1,,,,,,1,1,,1,1,1,1,1,1,1,1,1,1,1,1,1,1,,,,,,,,,,,,,,,,,,,,,,,,,,,,,,,,,,
ようむ,力量,,,1,,,,1,1,1,1,,,,,,,1,1,,1,,,,,,,,,1,1,,1,1,1,,,,,1,1,1,,,,,,,,,1,,,,,,,,,,,,,1,1,,,,,1,1,1,1,,,,,,1,1,,1,1,1,1,1,1,1,1,1,1,1,1,1,1,,,,,,,,,,,,,,,,,,,,,,,,,,,,,,,,,,
ゆゆこ,普通,,,,,,,,,1,,,,,,,,,,,,,,,,1,,,,,1,,,,,,,,,,1,1,,,,,,,,,,,,,,,,,,,,,,1,1,,,,1,,1,,,,1,,,,1,,1,1,1,1,1,1,1,1,1,1,1,1,1,1,1,,,,,,,,,,,,,,,,,,,,,,,,,,,,,,,,,,
ゆゆこ,防御,,1,1,,,,1,1,1,,,,,1,,,,,,,,,,,1,,,1,,1,,,,,,1,,,1,1,1,,,1,,1,1,,,,,,,,1,1,,,,,,,1,1,,,,1,,1,,,,1,,,,1,,1,1,1,1,1,1,1,1,1,1,1,1,1,1,1,,,,,,,,,,,,,,,,,,,,,,,,,,,,,,,,,,
ゆゆこ,力量,,1,1,,,,1,1,1,,,,,1,,,,,,,,,,,1,,,1,,1,,,,,,1,,,1,1,1,,,,,1,1,,,,,,,,1,1,,1,,,,,1,1,,,,1,,1,,,,1,,,,1,,1,1,1,1,1,1,1,1,1,1,1,1,1,1,1,,,,,,,,,,,,,,,,,,,,,,,,,,,,,,,,,,
らん,普通,,,,,,,,,1,1,1,,,,1,,,1,,,,,,,,,1,,,,,,,,,,1,,,,,,,,,,,,,,,,,,,,,,,,,,1,1,,1,,,1,,,1,,,,,,1,1,1,1,1,1,1,1,1,1,1,1,1,1,1,1,1,,,,,,,,,,,,,,,,,,,,,,,,,,,,,,,,,,
らん,力量,1,,,,,,,1,1,1,1,1,,,1,,,1,,,1,,,,,,1,,,,,,,,,1,1,,1,,,1,1,,,,,,,,,,,1,,,,,,1,,,1,1,,1,,,1,,,1,,,,,,1,1,1,1,1,1,1,1,1,1,1,1,1,1,1,1,1,,,,,,,,,,,,,,,,,,,,,,,,,,,,,,,,,,
らん,防御,1,,,,,,,1,1,1,1,,,,1,1,1,1,1,,1,,,,,,1,,,,,,,,,1,1,,1,,,,1,,,,,1,,,,,,1,,,,,,1,,,1,1,,1,,,1,,,1,,,,,,1,1,1,1,1,1,1,1,1,1,1,1,1,1,1,1,1,,,,,,,,,,,,,,,,,,,,,,,,,,,,,,,,,,
ゆかり,普通,,,,,,,,,1,1,,,,,,,,,,,,,,,,,,,,,,,,,,,,,,1,1,,,,,,,,,,,,,,,,,,,,1,,1,,,,,,,,1,1,1,,,,,1,,1,1,1,1,1,1,1,1,1,1,1,1,1,1,1,,,,,,,,,,,,,,,,,,,,,,,,,,,,,,,,,,
ゆかり,力量,,,,,,,1,1,1,1,,,,,,1,,,,,,,,,,,,1,,,,,,,,1,1,,1,1,1,1,1,1,,1,,,,,,,,,1,,,,1,1,1,,1,,,,,,,,,,1,,,,,1,,1,1,1,1,1,1,1,1,1,1,1,1,1,1,1,,,,,,,,,,,,,,,,,,,,,,,,,,,,,,,,,,
ゆかり,防御,,,,,,,1,1,1,1,,,,,,,,,,,,,,,,,,,,,,,,,,1,1,,1,1,1,,1,,,,,,,,,,,,1,,,,,1,1,,1,,,,,,,,1,1,1,,,,1,1,,1,1,1,1,1,1,1,1,1,1,1,1,1,1,1,,,,,,,,,,,,,,,,,,,,,,,,,,,,,,,,,,
れんこ,普通,,,,,,,,,,,,,,,,,,,,,,,,,,,,,,,,,,,,,,,,,,,,,,,,,,,,,,,,,,,,,,,,,,,,,,,,,,,,,,,,,,,,,,,,,,,,,,,,,,,,,,,,,,,,,,,,,,,,,,,,,,,,,,,,
れんこ,辅助,,,,,,,,,,,,,,,,,,,,,,,,,,,,,,,,,,,,,,,,,,,,,,,,,,,,,,,,,,,,,,,,,,,,,,,,,,,,,,,,,,,,,,,,,,,,,,,,,,,,,,,,,,,,,,,,,,,,,,,,,,,,,,,,
れんこ,速度,,,,,,,,,,,,,,,,,,,,,,,,,,,,,,,,,,,,,,,,,,,,,,,,,,,,,,,,,,,,,,,,,,,,,,,,,,,,,,,,,,,,,,,,,,,,,,,,,,,,,,,,,,,,,,,,,,,,,,,,,,,,,,,,
メリー,普通,,,,,,,,,,,,,,,,,,,,,,,,,,,,,,,,,,,,,,,,,,,,,,,,,,,,,,,,,,,,,,,,,,,,,,,,,,,,,,,,,,,,,,,,,,,,,,,,,,,,,,,,,,,,,,,,,,,,,,,,,,,,,,,,
メリー,防御,,,,,,,,,,,,,,,,,,,,,,,,,,,,,,,,,,,,,,,,,,,,,,,,,,,,,,,,,,,,,,,,,,,,,,,,,,,,,,,,,,,,,,,,,,,,,,,,,,,,,,,,,,,,,,,,,,,,,,,,,,,,,,,,
メリー,力量,,,,,,,,,,,,,,,,,,,,,,,,,,,,,,,,,,,,,,,,,,,,,,,,,,,,,,,,,,,,,,,,,,,,,,,,,,,,,,,,,,,,,,,,,,,,,,,,,,,,,,,,,,,,,,,,,,,,,,,,,,,,,,,,
りんのすけ,普通,,,,,,,,,1,1,,,,,,,,,,1,,,,,,,,,1,,,,,1,,,,,,1,1,,,,,,,,,1,,,,,,,,,,,1,,1,1,1,1,,,1,1,1,1,1,,,,,1,1,1,1,1,1,1,1,1,1,1,1,1,1,1,1,1,,,,,,,,,,,,,,,,,,,,,,,,,,,,,,,,,,
りんのすけ,防御,1,1,1,1,1,1,1,1,1,1,1,,,,,,,,1,1,,,,,,,,1,1,,,,,1,,,1,,1,1,1,,,1,1,,,1,1,1,,,,,1,,,,,,1,,1,1,1,1,,,1,1,1,1,1,,,,,1,1,1,1,1,1,1,1,1,1,1,1,1,1,1,1,1,,,,,,,,,,,,,,,,,,,,,,,,,,,,,,,,,,
りんのすけ,力量,,,,,,,,1,1,1,,,,,,,,,1,1,,,,,,,,1,1,,,,1,1,,,,,1,1,1,,,,,,,1,1,1,,,,,1,,,,,1,1,,1,1,1,1,,,1,1,1,1,1,,,,,1,1,1,1,1,1,1,1,1,1,1,1,1,1,1,1,1,,,,,,,,,,,,,,,,,,,,,,,,,,,,,,,,,,
ときこ,普通,,,,,,,,,1,1,,,,,1,,,1,,1,,1,1,1,,,1,,,,,,,,,,,,,1,1,,,,,,,,,1,,1,,,,,,,,,,,1,1,1,1,,,1,1,1,1,1,1,,,,1,1,1,1,1,1,1,1,1,1,1,1,1,1,1,1,1,,,,,,,,,,,,,,,,,,,,,,,,,,,,,,,,,,
ときこ,力量,,1,1,1,1,1,1,1,1,1,,,,,1,,,1,,1,1,1,1,1,,,1,,,,1,,,,,,1,1,1,1,1,,,,,,1,,,1,,1,,,,,,,,,,,1,1,1,1,,,1,1,1,1,1,1,,,,1,1,1,1,1,1,1,1,1,1,1,1,1,1,1,1,1,,,,,,,,,,,,,,,,,,,,,,,,,,,,,,,,,,
ときこ,辅助,,1,1,1,1,1,1,1,1,1,,,,,1,,,1,,1,,1,1,1,,,1,,,,,,,,,,1,,1,1,1,,1,,,,1,1,,1,,1,,,,,,,,,,,1,1,1,1,,,1,1,1,1,1,1,1,,1,1,1,1,1,1,1,1,1,1,1,1,1,1,1,1,1,1,,,,,,,,,,,,,,,,,,,,,,,,,,,,,,,,,,
リグル,普通,,,,,,,,,1,1,,,,,1,,,,,,,,1,,,,1,,1,,,,,1,,,,,,1,1,,,,,,,,,1,,,,,,,,,,,,,1,1,1,,,,1,1,1,1,1,1,,,,1,1,,1,1,1,1,1,1,1,1,1,1,1,1,1,1,,,,,,,,,,,,,,,,,,,,,,,,,,,,,,,,,,
リグル,力量,,,,,,,,,1,1,,,,1,1,,1,,,,,,1,,,,1,1,1,,,,,1,,,1,1,1,1,1,,,,,1,1,1,,1,,,,,,,,,,,,,1,1,1,,,,1,1,1,1,1,1,,,1,1,1,,1,1,1,1,1,1,1,1,1,1,1,1,1,1,,,,,,,,,,,,,,,,,,,,,,,,,,,,,,,,,,
リグル,辅助,,,1,1,,1,1,1,1,1,,,,1,1,,,,,,,,1,,,,1,,1,,,,,1,,,1,1,1,1,1,,,,,1,1,,,1,,,,,,,,,,,,,1,1,1,,,,1,1,1,1,1,1,,,1,1,1,,1,1,1,1,1,1,1,1,1,1,1,1,1,1,,,,,,,,,,,,,,,,,,,,,,,,,,,,,,,,,,
ミスティア,普通,,,,,,,,,1,1,,,,,1,,,,,,,1,,,,,1,,,,,,,,,,,,,1,1,,,,,,,,,1,,,,,,,,,,,,,1,1,,1,,,1,1,1,1,,,,,,1,1,1,1,1,1,1,1,1,1,1,1,1,1,1,1,1,,,,,,,,,,,,,,,,,,,,,,,,,,,,,,,,,,
ミスティア,防御,,,,1,,,1,1,1,1,,,,1,1,,,,,,,1,,,,,1,1,1,,,,,,,,,1,1,1,1,,,,,,1,,,1,,,,,1,,,,,,1,1,1,1,,1,,,1,1,1,1,,,,,,1,1,1,1,1,1,1,1,1,1,1,1,1,1,1,1,1,,,,,,,,,,,,,,,,,,,,,,,,,,,,,,,,,,
ミスティア,力量,,,,1,,,1,1,1,1,,,,1,1,,,,,,,1,,,,,1,,,,,,,,,,,1,1,1,1,,,1,,,1,,1,1,,,,,1,,,,,1,1,1,1,1,,1,,,1,1,1,1,,,1,,,1,1,1,1,1,1,1,1,1,1,1,1,1,1,1,1,1,,,,,,,,,,,,,,,,,,,,,,,,,,,,,,,,,,
けいね,普通,,,,,,,,,1,1,,,,,,,,1,,1,,,,,1,,,,1,,,,,1,,,,,,1,1,,,,,,,,,1,,,,,,,,,,,1,,1,1,1,,,,,1,1,1,,,,,,1,1,,1,1,1,1,1,1,1,1,1,1,1,1,1,1,,,,,,,,,,,,,,,,,,,,,,,,,,,,,,,,,,
けいね,防御,,1,,,,1,,1,1,1,1,,1,,,1,1,1,1,1,,,,,1,1,,,1,,,1,,1,,1,,,1,1,1,,,,,,,,,1,,,,,,,,,1,,1,,1,1,1,,,,,1,1,1,,,,,,1,1,,1,1,1,1,1,1,1,1,1,1,1,1,1,1,,,,,,,,,,,,,,,,,,,,,,,,,,,,,,,,,,
けいね,力量,,1,,,,1,,1,1,1,1,,,,,,,1,,1,,,,,1,1,,,1,,,,,1,,,,,1,1,1,,1,1,,,,1,1,1,,,,1,,,,,1,,1,,1,1,1,,,,,1,1,1,,,,,,1,1,,1,1,1,1,1,1,1,1,1,1,1,1,1,1,,,,,,,,,,,,,,,,,,,,,,,,,,,,,,,,,,
てゐ,普通,,,,,,,,,1,1,1,,,,1,,,1,,1,,1,,1,,1,,,1,,,,,1,,,,,,1,1,,,,,,,,,1,,1,,,,,,,,,,,1,1,,1,,1,1,1,1,1,1,1,,,1,1,1,1,1,1,1,1,1,1,1,1,1,1,1,1,1,1,,,,,,,,,,,,,,,,,,,,,,,,,,,,,,,,,,
てゐ,辅助,,,,,,,1,1,1,1,1,,,,1,,,1,1,1,,1,,1,,1,,,1,,,,,1,,,,,1,1,1,,,,,,,,,1,,1,,,,,,,,,,,1,1,,1,,1,1,1,1,1,1,1,,,1,1,1,1,1,1,1,1,1,1,1,1,1,1,1,1,1,1,,,,,,,,,,,,,,,,,,,,,,,,,,,,,,,,,,
てゐ,力量,,,,,,,1,1,1,1,1,1,,,1,,,1,1,1,,1,,1,,1,,,1,,1,,,1,1,1,1,,1,1,1,,,,,,,,,1,,1,,,,,,,,,,,1,1,,1,,1,1,1,1,1,1,1,,,1,1,1,1,1,1,1,1,1,1,1,1,1,1,1,1,1,1,,,,,,,,,,,,,,,,,,,,,,,,,,,,,,,,,,
ウドンゲ,普通,,,,,,,,,1,1,,,,,,,,,,,,,1,,,,1,,,1,,,,1,,,,,,,,,,,,,,,,,,,,,,,,,,,1,,1,1,1,,,,1,1,1,1,,,,,,1,1,,1,1,1,1,1,1,1,1,1,1,1,1,1,1,,,,,,,,,,,,,,,,,,,,,,,,,,,,,,,,,,
ウドンゲ,辅助,,,,,,,1,1,1,1,,,,,,,,,,,,,1,,,,1,,,1,,,,1,,1,1,,1,,,,,,,,,,,,,,,,1,,,,,1,1,,1,1,1,,,,1,1,1,1,,,1,1,1,1,1,,1,1,1,1,1,1,1,1,1,1,1,1,1,1,,,,,,,,,,,,,,,,,,,,,,,,,,,,,,,,,,
ウドンゲ,力量,,1,,,,,1,1,1,1,,,,,,,,,,,,,1,,,,1,,,1,1,,,1,,1,1,,1,,,,,,,,,,,,,,,,1,,,1,,1,1,,1,1,1,,,,1,1,1,1,,,,,1,1,1,,1,1,1,1,1,1,1,1,1,1,1,1,1,1,,,,,,,,,,,,,,,,,,,,,,,,,,,,,,,,,,
えいりん,普通,,,,,,,,,1,1,,,,,,,,,,,,,,,,,,,,,,,,,,,,,,,,,,,,,,,,,,,,,,,,,,,,,1,1,,,,1,,,1,,,,,,,1,,1,1,1,1,1,1,1,1,1,1,1,1,1,1,1,,,,,,,,,,,,,,,,,,,,,,,,,,,,,,,,,,
えいりん,辅助,,1,,,,,1,1,1,1,,,1,,,,,,,,,,,,,1,,1,,,1,,,,,,,,1,,,,,1,1,,1,,,,,,,,,,1,1,,,,,1,1,,,,1,,,1,,,,,,1,1,,1,1,1,1,1,1,1,1,1,1,1,1,1,1,1,,,,,,,,,,,,,,,,,,,,,,,,,,,,,,,,,,
えいりん,力量,,1,,,,,1,1,1,1,,,1,,,,,,,,,,,,,1,,1,,,1,,,,,,,,1,,,,,,,,1,,1,,,,,,,,1,1,,,,,1,1,,,,1,,,1,,,,,,1,1,,1,1,1,1,1,1,1,1,1,1,1,1,1,1,1,,,,,,,,,,,,,,,,,,,,,,,,,,,,,,,,,,
かぐや,普通,,,,,,,,,1,1,,,,,,,,,,,,,,,,,,,,,,,,,,,,,,1,1,,,,,,,,,,,,,,,,,,,,1,,1,1,,,,,,1,1,1,1,,,,,1,,,1,1,1,1,1,1,1,1,1,1,1,1,1,1,,,,,,,,,,,,,,,,,,,,,,,,,,,,,,,,,,
かぐや,防御,,,,,,1,,1,1,1,,,,,,,,,,,,,,,1,1,,,,,,,,,,,,,1,1,1,1,1,1,,1,,,,,1,,,1,,1,,,,1,1,,1,1,,,1,,,1,1,1,1,,,,,1,,,1,1,1,1,1,1,1,1,1,1,1,1,1,1,,,,,,,,,,,,,,,,,,,,,,,,,,,,,,,,,,
かぐや,力量,,,,,,1,,1,1,1,,,,,,,,,,,,,,,1,1,,,,,,,,,,,,,1,1,1,,,,,1,,,,,,,,1,,,,,,,1,,1,1,,,,,,1,1,1,1,,,,,1,,,1,1,1,1,1,1,1,1,1,1,1,1,1,1,,,,,,,,,,,,,,,,,,,,,,,,,,,,,,,,,,
もこう,普通,,,,,,,,,1,1,,,,,,,,,,,,,,,,,,,,,,,,1,,,,,,1,1,,,,,,,,,1,,,,,,,,,,,,,1,1,1,,,1,,1,1,1,1,,,,,1,1,1,1,1,1,1,1,1,1,1,1,1,1,1,1,1,,,,,,,,,,,,,,,,,,,,,,,,,,,,,,,,,,
もこう,速度,1,,,,,1,,1,1,1,1,1,,,,,,,,,,,,,,,,,,,,,,1,,,,,1,1,1,1,1,,,,,,,1,,,,1,,,,,1,,,,1,1,1,,1,1,,1,1,1,1,,,,,1,1,1,1,1,1,1,1,1,1,1,1,1,1,1,1,1,,,,,,,,,,,,,,,,,,,,,,,,,,,,,,,,,,
もこう,力量,1,,,,,1,,1,1,1,,,,,,,,,1,,,,,,,,,,,,,1,,1,,,,,1,1,1,1,1,,,,,,,1,,,,1,,,,,1,,,,1,1,1,,1,1,,1,1,1,1,,,,,1,1,1,1,1,1,1,1,1,1,1,1,1,1,1,1,1,,,,,,,,,,,,,,,,,,,,,,,,,,,,,,,,,,
すいか,普通,,,,,,,,,1,1,,,,,,,,1,,,,,,,,,,,1,,,,,1,,,,,,,,,,,,,,,,,,,,,,,,,,,,,1,1,1,,,,,,1,1,1,,,,,1,,,1,1,1,1,1,1,1,1,1,1,1,1,1,1,,,,,,,,,,,,,,,,,,,,,,,,,,,,,,,,,,
すいか,力量,1,,,,,,,1,1,1,,,,,,1,1,1,,,,,,,,,,,1,,,,1,1,,,,,,,,,1,,,,,1,,,,,,,,,,,1,,1,,1,1,1,,,,,,1,1,1,,,,,1,,,1,1,1,1,1,1,1,1,1,1,1,1,1,1,,,,,,,,,,,,,,,,,,,,,,,,,,,,,,,,,,
すいか,防御,1,,,,,,,1,1,1,1,1,,,,,1,1,,,,,,,,,,,1,,,,1,1,,,,,,,,1,1,,,,,,,,,,,,,,,,1,,1,,1,1,1,,1,,,,1,1,1,,,,,1,1,1,1,1,1,1,1,1,1,1,1,1,1,1,1,1,,,,,,,,,,,,,,,,,,,,,,,,,,,,,,,,,,
サニー,普通,,,,,,,,,1,1,1,,,,1,,,,,,,,1,,,,1,,,,,,,,,,,,,1,1,,,,,,,,,1,,,,,,,,,,,,,1,1,1,1,,1,1,1,1,1,1,1,,,,1,1,1,1,1,1,1,1,1,1,1,1,1,1,1,1,1,,,,,,,,,,,,,,,,,,,,,,,,,,,,,,,,,,
サニー,辅助,1,,1,,,1,,1,1,1,1,1,,,1,,,,,,,,1,,,,1,,,,,,,,,,1,,1,1,1,1,1,,,1,1,,,1,,,,1,,,,,,1,,1,1,1,1,1,1,1,1,1,1,1,1,1,,,,1,1,1,1,1,1,1,1,1,1,1,1,1,1,1,1,1,,,,,,,,,,,,,,,,,,,,,,,,,,,,,,,,,,
サニー,力量,1,,,,,1,,1,1,1,1,1,,,1,,,,,,,,1,,,,1,,,,,,,,,,,,1,1,1,1,1,,,1,1,,,1,,,,1,,,,,,1,,1,1,1,1,1,1,1,1,1,1,1,1,1,,,,1,1,1,1,1,1,1,1,1,1,1,1,1,1,1,1,1,,,,,,,,,,,,,,,,,,,,,,,,,,,,,,,,,,
ルナ,普通,,,,,,,,,1,1,,,,,1,,,,,,,1,,,,,,,,,,,,,,,,,,1,1,,,,,,,,,1,,1,,,,,,,,,,,1,1,1,1,,1,1,1,1,1,1,1,,,,1,1,1,1,1,1,1,1,1,1,1,1,1,1,1,1,1,,,,,,,,,,,,,,,,,,,,,,,,,,,,,,,,,,
ルナ,力量,,,,1,,1,,1,1,1,,,,,1,,,,,,,1,,,,,,,,,,,,,,,,,1,1,1,,,,,1,1,,1,1,1,1,1,1,,,,,,1,,1,1,1,1,1,,1,1,1,1,1,1,1,,,,1,1,1,1,1,1,1,1,1,1,1,1,1,1,1,1,1,,,,,,,,,,,,,,,,,,,,,,,,,,,,,,,,,,
ルナ,速度,,,,1,,1,,1,1,1,,,,,1,,,,,,,1,,,,,,,,,,,,,,,,1,1,1,1,,,,,1,1,,,1,1,1,,1,,,,,,1,,1,1,1,1,1,,1,1,1,1,1,1,1,,,,1,1,1,1,1,1,1,1,1,1,1,1,1,1,1,1,1,,,,,,,,,,,,,,,,,,,,,,,,,,,,,,,,,,
スター,普通,,,,,,,,,1,1,,,,,1,,,,,,,1,,,,,1,,,,,,,,,,,,,1,1,,,,,,,,,,,,,,,,,,,,,,1,1,1,1,,1,1,1,1,1,1,1,,,,1,1,1,1,1,1,1,1,1,1,1,1,1,1,1,1,1,,,,,,,,,,,,,,,,,,,,,,,,,,,,,,,,,,
スター,力量,,1,1,,,1,,1,1,1,,,1,,1,,,,,,,1,,,,,1,1,,,1,,,,,,1,,1,1,1,,,1,1,1,1,,,,,,,1,,,,,,1,1,,1,1,1,1,,1,1,1,1,1,1,1,,,1,1,1,1,1,1,1,1,1,1,1,1,1,1,1,1,1,1,,,,,,,,,,,,,,,,,,,,,,,,,,,,,,,,,,
スター,防御,,1,1,,,1,,1,1,1,,,1,,1,,,,,,,1,,,,,1,,,,1,,,,,1,1,,1,1,1,,,1,1,1,1,,1,,,,,1,,,,,,1,1,,1,1,1,1,,1,1,1,1,1,1,1,,,1,1,1,1,1,1,1,1,1,1,1,1,1,1,1,1,1,1,,,,,,,,,,,,,,,,,,,,,,,,,,,,,,,,,,
メディスン,普通,,,,,,,,,1,1,,,,,1,,,1,,,,,,1,,,,,1,1,,,,,,,,,,,,,,,,,,,,1,,,,,,,,,,,,,1,1,1,1,,,1,1,1,1,,1,1,,1,1,1,1,1,1,1,1,1,1,1,1,1,1,1,1,1,1,,,,,,,,,,,,,,,,,,,,,,,,,,,,,,,,,,
メディスン,防御,,1,1,,,,1,1,1,1,,,,1,1,,1,1,,,,,,1,,,,,1,1,1,,,,,,,,,,,,,,,1,1,,,1,,,,,,1,,1,,,,,1,1,1,1,,,1,1,1,1,,1,1,,1,1,1,1,1,1,1,1,1,1,1,1,1,1,1,1,1,1,,,,,,,,,,,,,,,,,,,,,,,,,,,,,,,,,,
メディスン,力量,,1,1,,,,1,1,1,1,1,1,,,1,,1,1,,,,,,1,,,,1,1,1,1,,,,,,1,,,,,,1,,,1,1,,,1,,,,,,1,,1,,,,,1,1,1,1,,,1,1,1,1,,1,1,,1,1,1,1,1,1,1,1,1,1,1,1,1,1,1,1,1,1,,,,,,,,,,,,,,,,,,,,,,,,,,,,,,,,,,
あや,普通,,,,,,,,,1,1,1,,,,,,,1,,,,1,1,1,,,1,,,,,,,1,,,,,,,,,,,,,,,,1,,1,,,,,,,,,,,1,1,1,1,,,1,1,1,1,,1,,,,1,1,1,1,1,1,1,1,1,1,1,1,1,1,1,1,1,,,,,,,,,,,,,,,,,,,,,,,,,,,,,,,,,,
あや,速度,,,,1,1,,,1,1,1,1,,,,,,,1,,,1,1,1,1,,,1,,1,,,,,1,,,,,1,,,,,,,,,,,1,,1,,,,,,,,,,,1,1,1,1,1,,1,1,1,1,1,1,,,,1,1,1,1,1,1,1,1,1,1,1,1,1,1,1,1,1,,,,,,,,,,,,,,,,,,,,,,,,,,,,,,,,,,
あや,力量,,,,1,1,,,1,1,1,1,,,,,,,1,,,1,1,1,1,,,1,,,,,1,,1,,,,,1,,,,,,,,,,,1,,1,1,,,,,,1,,,,1,1,1,1,,,1,1,1,1,,1,,,,1,1,1,1,1,1,1,1,1,1,1,1,1,1,1,1,1,,,,,,,,,,,,,,,,,,,,,,,,,,,,,,,,,,
こまち,普通,,,,,,,,,1,1,,,,,,,,,,1,,,,,,,,,,,,,,,,,,,,1,,,,,,,,,,,,,,,,,,,,,,,1,1,1,1,,1,,1,1,1,,,,1,,1,,1,1,1,1,1,1,1,1,1,1,1,1,1,1,1,,,,,,,,,,,,,,,,,,,,,,,,,,,,,,,,,,
こまち,辅助,,1,,,,,1,1,1,1,,,1,,,,,,,1,,,,,,,,,,1,,,1,,,,1,,1,1,,,,1,1,,,,,,,,,,,1,1,,,,,,1,1,1,1,,1,,1,1,1,,,,1,,1,,1,1,1,1,1,1,1,1,1,1,1,1,1,1,1,,,,,,,,,,,,,,,,,,,,,,,,,,,,,,,,,,
こまち,力量,,1,,,,,1,1,1,1,,,1,,,,,,1,1,,,,,,,,,1,,,,1,,1,,1,,1,1,,,,1,1,,,,1,,,,,,,1,,,,,,,1,1,1,1,,1,,1,1,1,,,,1,,1,,1,1,1,1,1,1,1,1,1,1,1,1,1,1,1,,,,,,,,,,,,,,,,,,,,,,,,,,,,,,,,,,
えいき,普通,,,,,,,,,1,1,,,,,,,,,,,,,,,1,,,,1,,,,,,,,,,,1,,,,,,,,,,,,,,,,,,,,,,,1,1,,,,,,1,1,,1,,,,,1,,1,1,1,1,1,1,1,1,1,1,1,1,1,1,1,,,,,,,,,,,,,,,,,,,,,,,,,,,,,,,,,,
えいき,力量,,,,,,1,1,1,1,1,,,,,,,,,,,,,,,1,,,,1,,,,,1,,,,,1,1,,,,,,,,,1,,,,,1,1,,,1,,,1,,1,1,,,,,,1,1,,1,,,,,1,,1,1,1,1,1,1,1,1,1,1,1,1,1,1,1,,,,,,,,,,,,,,,,,,,,,,,,,,,,,,,,,,
えいき,防御,,,,,,1,1,1,1,1,,,,,,,,,,,,,,,1,,,1,1,,,,,,,1,,,1,1,,,,,,,,,,,,,,1,1,1,1,,,,1,,1,1,,,,,,1,1,,1,,,,,1,,1,1,1,1,1,1,1,1,1,1,1,1,1,1,1,,,,,,,,,,,,,,,,,,,,,,,,,,,,,,,,,,
あきゅう,普通,,,,,,,,,1,,,,,,1,,,,,1,,,1,,1,,1,,1,,,,,,,,1,,,1,1,,,,,,,,,1,,,,,,,,,,,,,1,1,1,1,,1,1,1,1,1,1,1,,,,1,1,1,1,1,1,1,1,1,1,1,1,1,1,1,1,1,,,,,,,,,,,,,,,,,,,,,,,,,,,,,,,,,,
あきゅう,防御,,,,,,,,1,1,,,,,1,1,,,,,1,,,1,,1,,1,,1,,,,,,,1,1,,1,1,1,,,,,,,,,1,,,,,,1,,1,,1,,,1,1,1,1,,1,1,1,1,1,1,1,,,1,1,1,1,1,1,1,1,1,1,1,1,1,1,1,1,1,1,,,,,,,,,,,,,,,,,,,,,,,,,,,,,,,,,,
あきゅう,辅助,,,,,,,,1,1,,,,,1,1,,,,,1,,1,1,,1,,1,,1,,,,,,,1,1,,1,1,1,,,,1,1,1,,,1,,,,,,,,,,1,,,1,1,1,1,,1,1,1,1,1,1,1,,,1,1,1,1,1,1,1,1,1,1,1,1,1,1,1,1,1,1,,,,,,,,,,,,,,,,,,,,,,,,,,,,,,,,,,
よりひめ,普通,,,,,,,,,1,1,,,,,,,,,,,,,,,1,,,,,,,,,1,,,,,,,,,,,,,,,,1,,,,,,,,,,,,,1,1,1,,,,,,,,,,,,,1,,,1,1,1,1,1,1,1,1,1,1,1,1,1,1,,,,,,,,,,,,,,,,,,,,,,,,,,,,,,,,,,
よりひめ,力量,,,,,,,,1,1,1,,,,,,,,,,,,,,,1,1,,,,,,,,1,,,,,,,,,,,,,,,1,1,,,,,1,,,,,,,,1,1,1,,,,,,,,,,,,,1,,,1,1,1,1,1,1,1,1,1,1,1,1,1,1,,,,,,,,,,,,,,,,,,,,,,,,,,,,,,,,,,
よりひめ,速度,,,,,,,,1,1,1,,,,,,,,1,,,,,,,1,,,,,,,,,1,,,,,,,,,1,,,,,,1,1,1,,1,,,,,,,,,,1,1,1,,,,,,,,,,,,,1,,,1,1,1,1,1,1,1,1,1,1,1,1,1,1,,,,,,,,,,,,,,,,,,,,,,,,,,,,,,,,,,
とよひめ,普通,,,,,,,,,1,1,,,,,1,,,,,,,,,,1,,,,,,,,,,,,,,,,1,,,,,,,,,1,,,,,,,,,,,1,,1,1,,,,1,,,,1,,,,,,1,,,1,1,1,1,1,1,1,1,1,1,1,1,1,1,,,,,,,,,,,,,,,,,,,,,,,,,,,,,,,,,,
とよひめ,防御,,1,,,,,,1,1,1,,,,,1,,,,,,,,,,1,,,,,,,,,,,,,,1,,1,,,1,1,1,,1,,1,,,,,,,,,,,1,,1,1,,,,1,,,,1,,,,,,1,,,1,1,1,1,1,1,1,1,1,1,1,1,1,1,,,,,,,,,,,,,,,,,,,,,,,,,,,,,,,,,,
とよひめ,力量,,1,,,,,,1,1,1,,,,,1,,,,,,,,,,1,,,,,,,,,,,,,,1,,1,,,1,1,,,,,1,,,,,,,,,,,1,,1,1,,,,1,,,,1,,,,,,1,,,1,1,1,1,1,1,1,1,1,1,1,1,1,1,,,,,,,,,,,,,,,,,,,,,,,,,,,,,,,,,,
ぎょくと,普通,,,,,,,,,1,1,,,,,1,,,,,1,,,,1,1,,1,,,,,,,1,1,,,,,1,1,,,,,,,,,1,,1,,,,,,,,,,,1,1,1,1,,1,1,1,1,1,1,1,,,,1,1,1,1,1,1,1,1,1,1,1,1,1,1,1,1,1,,,,,,,,,,,,,,,,,,,,,,,,,,,,,,,,,,
ぎょくと,速度,1,1,1,1,1,1,1,1,1,1,1,,,,1,,,,,1,,,1,1,1,,1,1,,,,,,1,1,,,1,1,1,1,,1,1,1,,,,,1,1,1,,,1,,,1,,1,1,1,1,1,1,1,,1,1,1,1,1,1,1,,,,1,1,1,1,1,1,1,1,1,1,1,1,1,1,1,1,1,,,,,,,,,,,,,,,,,,,,,,,,,,,,,,,,,,
ぎょくと,力量,1,1,1,1,1,1,1,1,1,1,,,,,1,,,,,1,,,1,1,1,,1,1,,1,,,,1,1,,1,1,1,1,1,,1,1,,,,,,1,1,1,,,,,,,,1,,,1,1,1,1,,1,1,1,1,1,1,1,,,,1,1,1,1,1,1,1,1,1,1,1,1,1,1,1,1,1,,,,,,,,,,,,,,,,,,,,,,,,,,,,,,,,,,
しずは,普通,,,,,,,,,1,1,,,,,1,,,1,,,,1,,,1,,,,,,,,,,,,,,,1,1,,,,,,,,,1,,,,,,,,,,,,,1,1,1,1,,,1,1,1,1,,,,,,1,1,,1,1,1,1,1,1,1,1,1,1,1,1,1,1,,,,,,,,,,,,,,,,,,,,,,,,,,,,,,,,,,
しずは,速度,,,1,1,,,1,1,1,1,,,,1,1,1,1,1,,,,1,,,1,1,,,,,1,,,,,,,,1,1,1,,,,1,1,1,1,,1,,,,,,,,,,,,,1,1,1,1,,,1,1,1,1,,,,,1,1,1,,1,1,1,1,1,1,1,1,1,1,1,1,1,1,,,,,,,,,,,,,,,,,,,,,,,,,,,,,,,,,,
しずは,力量,,,1,1,,,1,1,1,1,,,,1,1,,1,1,,,1,1,1,,1,1,,,,,1,,,,,,,,1,1,1,,,,1,1,1,1,,1,,,,,,,,,,,,,1,1,1,1,,,1,1,1,1,,,,,1,1,1,,1,1,1,1,1,1,1,1,1,1,1,1,1,1,,,,,,,,,,,,,,,,,,,,,,,,,,,,,,,,,,
みのりこ,普通,,,,,,,,,1,1,,,,,1,,,,,,,1,,,1,,,,,,,,,,,,,,,1,1,,,,,,,,,1,,,,,,,,,,,,,1,1,1,1,,,1,1,1,1,,,,,,1,1,1,1,1,1,1,1,1,1,1,1,1,1,1,1,1,,,,,,,,,,,,,,,,,,,,,,,,,,,,,,,,,,
みのりこ,力量,,,1,,,1,,1,1,1,,,,1,1,,,,,,,1,,,1,,,,,,,,,,,,,,1,1,1,,,,,1,1,,,1,,,,1,,,1,1,,,,,1,1,1,1,,,1,1,1,1,,,,,1,1,1,1,1,1,1,1,1,1,1,1,1,1,1,1,1,1,,,,,,,,,,,,,,,,,,,,,,,,,,,,,,,,,,
みのりこ,防御,,,1,,,1,,1,1,1,,,,1,1,,,,,,,1,,,1,,,,,,,,,,,,,,1,1,1,,,,,1,1,1,,1,,,,,,,1,1,,,,,1,1,1,1,,,1,1,1,1,,,,,1,1,1,1,1,1,1,1,1,1,1,1,1,1,1,1,1,1,,,,,,,,,,,,,,,,,,,,,,,,,,,,,,,,,,
ひな,普通,,,,,,,,,1,1,,,,,1,,,,,,,,1,,,,1,,1,,,,,,,,,,,1,1,,,,,,,,,1,,,,,,,,,,,,,1,1,1,,,,1,1,1,1,1,1,,,,1,1,,1,1,1,1,1,1,1,1,1,1,1,1,1,1,,,,,,,,,,,,,,,,,,,,,,,,,,,,,,,,,,
ひな,防御,1,,1,,,,1,1,1,1,1,1,,1,1,,,,,,,,1,,,,1,1,1,1,,,,,,1,1,,1,1,1,1,1,,1,,,,,1,,,,,1,1,,,,1,,1,1,1,1,,1,,1,1,1,1,1,1,,,1,1,1,,1,1,1,1,1,1,1,1,1,1,1,1,1,1,,,,,,,,,,,,,,,,,,,,,,,,,,,,,,,,,,
ひな,辅助,1,,1,,,,1,1,1,1,1,1,,1,1,,,,,,,,1,,,,1,1,1,1,,,,,,1,1,,1,1,1,,,,1,,,,,1,,,,,1,1,,,,1,,1,1,1,1,,1,,1,1,1,1,1,1,,1,1,1,1,,1,1,1,1,1,1,1,1,1,1,1,1,1,1,,,,,,,,,,,,,,,,,,,,,,,,,,,,,,,,,,
にとり,普通,,,,,,,,,1,1,,,,,1,,,,,1,,,,1,,,,,,,,,,1,,,,,,1,1,,,,,,,,,1,,1,,,,,,,,,,,1,1,1,1,,1,,1,1,1,1,1,,,,1,1,1,1,1,1,1,1,1,1,1,1,1,1,1,1,1,,,,,,,,,,,,,,,,,,,,,,,,,,,,,,,,,,
にとり,力量,,1,,,1,,,1,1,1,,,1,,1,,,,1,1,,,,1,,,,,,,,,,1,,,,,1,1,1,,,1,1,,,,1,1,1,1,,,,,,,,,1,,1,1,1,1,,1,,1,1,1,1,1,,,,1,1,1,1,1,1,1,1,1,1,1,1,1,1,1,1,1,,,,,,,,,,,,,,,,,,,,,,,,,,,,,,,,,,
にとり,速度,,1,,,1,,,1,1,1,,,1,,1,,,,1,1,,,,1,,,,,,,,,,1,,,,,1,1,1,,,1,1,,,,1,1,1,1,,,,,1,,,,1,,1,1,1,1,,1,,1,1,1,1,1,,,1,1,1,1,1,1,1,1,1,1,1,1,1,1,1,1,1,1,,,,,,,,,,,,,,,,,,,,,,,,,,,,,,,,,,
もみじ,普通,,,,,,,,,1,1,,,,,,,,1,,,,,,,,,1,,,,,,,1,,,,,,1,1,,,,,,,,,,,,,,,,,,,,,,1,1,1,,,,,1,1,1,,,,,,1,,,1,1,1,1,1,1,1,1,1,1,1,1,1,1,,,,,,,,,,,,,,,,,,,,,,,,,,,,,,,,,,
もみじ,速度,,,,,,,,1,1,1,,,,,,,,1,,,,,,,,,1,,,,,,,1,,,,,,1,1,,,,,,,,,,,,,,,,,,,,,,1,1,1,,,,,1,1,1,,,,,,1,,,1,1,1,1,1,1,1,1,1,1,1,1,1,1,,,,,,,,,,,,,,,,,,,,,,,,,,,,,,,,,,
もみじ,防御,,,,,,,,1,1,1,,,,,,1,1,1,,,,,,,,,1,,,,,1,1,1,,,,,,1,1,,,,,,,1,,,,,,,,,,,,,,,1,1,1,,,,,1,1,1,,,,,,1,,,1,1,1,1,1,1,1,1,1,1,1,1,1,1,,,,,,,,,,,,,,,,,,,,,,,,,,,,,,,,,,
さなえ,普通,,,,,,,,,1,1,,,,,1,,,,,,,1,,,1,,,,,,,,,,,,,,,1,,,,,,,,,,1,,,,,,,,,,,,,1,1,,,,,1,1,1,1,,,,,,1,1,1,1,1,1,1,1,1,1,1,1,1,1,1,1,1,,,,,,,,,,,,,,,,,,,,,,,,,,,,,,,,,,
さなえ,力量,,1,,1,,,,1,1,1,1,,1,,1,,,,,,,1,,,1,1,,,,,,,,,,,,,1,1,,,,1,1,,1,,,1,,,,1,1,,,,,1,,,1,1,,,,,1,1,1,1,1,,,,,1,1,1,1,1,1,1,1,1,1,1,1,1,1,1,1,1,,,,,,,,,,,,,,,,,,,,,,,,,,,,,,,,,,
さなえ,速度,,1,,1,,,,1,1,1,,,,,1,,,,,,,1,,,1,1,,,,,,,,,,,1,,1,1,,,,,,,1,1,,1,,,,,,,,,,,,,1,1,,,,,1,1,1,1,,,,,,1,1,1,1,1,1,1,1,1,1,1,1,1,1,1,1,1,,,,,,,,,,,,,,,,,,,,,,,,,,,,,,,,,,
かなこ,普通,,,,,,,,,1,1,,,,,1,,,1,,,,1,,,,,,,,,,,,,,,,,,,,,,,,,,,,1,,,,,,,,,,,,,1,1,1,,,,1,,,1,,,,,,1,,1,1,1,1,1,1,1,1,1,1,1,1,1,1,1,,,,,,,,,,,,,,,,,,,,,,,,,,,,,,,,,,
かなこ,防御,,,1,1,,1,,1,1,1,,,,,1,1,1,1,,,1,1,,,,,,,,,,,,,,,,,,,,,1,1,,,1,1,,1,,,,,,,,,,,,,1,1,1,,,,1,,,1,,,,,,1,,1,1,1,1,1,1,1,1,1,1,1,1,1,1,1,,,,,,,,,,,,,,,,,,,,,,,,,,,,,,,,,,
かなこ,力量,,,1,1,,1,,1,1,1,,,,1,1,,1,1,,,1,1,,,,,,,,,,,,,,,,,,,,,1,,,,,,,1,,,,,,,,,,,,,1,1,1,,,,1,,,1,,,,,,1,,1,1,1,1,1,1,1,1,1,1,1,1,1,1,1,,,,,,,,,,,,,,,,,,,,,,,,,,,,,,,,,,
すわこ,普通,,,,,,,,,1,1,,,,,,,,,,,,,,,,,,,,,,,,,,,,,,1,,,,,,,,,,,,,,,,,,,,,,,1,1,1,,,1,,,,1,,,,,,1,,1,1,1,1,1,1,1,1,1,1,1,1,1,1,1,,,,,,,,,,,,,,,,,,,,,,,,,,,,,,,,,,
すわこ,速度,,1,,,,,1,1,1,1,,,,,,1,,,1,,,,,,,,,,,,,,,,,,,,1,1,,,,1,1,,,1,,,,,,,,,1,,,,1,,1,1,1,,,1,,,,1,,,,,,1,,1,1,1,1,1,1,1,1,1,1,1,1,1,1,1,,,,,,,,,,,,,,,,,,,,,,,,,,,,,,,,,,
すわこ,防御,,1,,,,,1,1,1,1,,,,,,1,,,1,1,,,,,,,,,,,,,1,,,,,,1,1,,,,,,,,1,1,,,,,,,,,,,,1,,1,1,1,,,1,,1,1,1,,,,,,1,,1,1,1,1,1,1,1,1,1,1,1,1,1,1,1,,,,,,,,,,,,,,,,,,,,,,,,,,,,,,,,,,
いく,普通,,,,,,,,,1,1,,,,,,,,,,,,1,,1,1,,,,,,,,,,,,,,,1,1,,,,,,,,,1,,1,,,,,,,,,,,1,1,,1,,,1,1,1,1,1,1,,,,1,1,1,1,1,1,1,1,1,1,1,1,1,1,1,1,1,,,,,,,,,,,,,,,,,,,,,,,,,,,,,,,,,,
いく,力量,,,,1,1,1,,1,1,1,1,1,,,,,,,,,,1,,1,1,1,,,,,,,,,,,1,,1,1,1,1,1,1,,,,,,1,1,1,1,1,,,,,,,1,,1,1,,1,1,,1,1,1,1,1,1,,,,1,1,1,1,1,1,1,1,1,1,1,1,1,1,1,1,1,,,,,,,,,,,,,,,,,,,,,,,,,,,,,,,,,,
いく,速度,,,,1,1,1,,1,1,1,1,1,1,,,,,,,,,1,,1,1,1,,,,,,,,,,,1,,1,1,1,1,1,,,,,,,1,1,1,1,,,,,,,,,,1,1,,1,1,,1,1,1,1,1,1,,,,1,1,1,1,1,1,1,1,1,1,1,1,1,1,1,1,1,,,,,,,,,,,,,,,,,,,,,,,,,,,,,,,,,,
てんし,普通,,,,,,,,,1,1,,,,,,,,1,,,,,,,1,,,,,,,,,,,,,,,,,,,,,,,,,,,,,,,,,,,,,,1,1,1,,,1,,1,,1,,,,,,1,,1,1,1,1,1,1,1,1,1,1,1,1,1,1,1,,,,,,,,,,,,,,,,,,,,,,,,,,,,,,,,,,
てんし,力量,1,,,,,,,1,1,1,,,,,,1,1,1,,,,,,,1,,,,,,,,,1,,,,,,,,,,,,1,,1,,,,,,,,,,,,,,,1,1,1,,,1,,1,,1,,,,,,1,,1,1,1,1,1,1,1,1,1,1,1,1,1,1,1,,,,,,,,,,,,,,,,,,,,,,,,,,,,,,,,,,
てんし,防御,1,,,,,,,1,1,1,,,,,,1,1,1,,,,,,,1,1,,,,,,,,1,,,,,,,,,,,,1,,1,,,,,,1,,,,,,,,,1,1,1,,,1,,1,,1,,,,,,1,,1,1,1,1,1,1,1,1,1,1,1,1,1,1,1,,,,,,,,,,,,,,,,,,,,,,,,,,,,,,,,,,
キスメ,普通,,,,,,,,,1,1,1,,,,1,,,1,,,,1,,,,,,,1,,,,,,,,,,,,,,,,,,,,,1,,,,,,,,,,,,,1,1,1,1,,1,,1,1,1,,,1,1,,1,,1,1,1,1,1,1,1,1,1,1,1,1,1,1,1,,,,,,,,,,,,,,,,,,,,,,,,,,,,,,,,,,
キスメ,辅助,1,1,,,,,1,1,1,1,1,1,,1,1,,,1,1,,,1,,,,,,1,1,,,,,,,,1,,1,,,1,1,1,1,1,1,,,1,,,,,1,1,1,1,,1,1,,1,1,1,1,1,1,,1,1,1,,,1,1,1,1,,1,1,1,1,1,1,1,1,1,1,1,1,1,1,1,,,,,,,,,,,,,,,,,,,,,,,,,,,,,,,,,,
キスメ,防御,1,1,,,,,1,1,1,1,1,,1,1,1,,,1,1,,,1,,,,,,1,1,,,,,,,,1,,1,,,1,1,1,1,1,1,,,1,,,,,1,1,1,1,,1,1,,1,1,1,1,1,1,,1,1,1,,,1,1,1,1,,1,1,1,1,1,1,1,1,1,1,1,1,1,1,1,,,,,,,,,,,,,,,,,,,,,,,,,,,,,,,,,,
ヤマメ,普通,,,,,,,,,1,1,,,,,1,,,1,,,,,,,,,1,1,1,1,,,,,,,,,,,1,,,,,,,,,1,,,,,,,,,,,,,1,1,1,1,,,,1,1,1,,1,,,1,1,1,1,1,1,1,1,1,1,1,1,1,1,1,1,1,1,,,,,,,,,,,,,,,,,,,,,,,,,,,,,,,,,,
ヤマメ,力量,,1,1,,,,1,1,1,1,1,,,,1,,1,1,,,,,,,,,1,1,1,1,1,,,,,,,1,1,,1,1,1,,,,1,1,,1,,,,,,1,1,1,,,,1,1,1,1,1,,1,,1,1,1,,1,,,1,1,1,1,1,1,1,1,1,1,1,1,1,1,1,1,1,1,,,,,,,,,,,,,,,,,,,,,,,,,,,,,,,,,,
ヤマメ,辅助,,1,1,,,,1,1,1,1,1,,,1,1,,1,1,,,,,,,,,1,1,1,1,1,,,,,,,1,1,,1,,,,,,1,1,,1,,,,,,1,,1,,,,1,1,1,1,1,,1,,1,1,1,,1,,,1,1,1,1,1,1,1,1,1,1,1,1,1,1,1,1,1,1,,,,,,,,,,,,,,,,,,,,,,,,,,,,,,,,,,
パルスィ,普通,,,,,,,,,1,1,,,,,1,,,,,,,1,,,,,,,1,,,,,,,,,,,,,,,,,,,,,,,,,,,,,,,,,,1,1,1,,,1,,1,1,1,,1,,,,1,1,1,1,1,1,1,1,1,1,1,1,1,1,1,1,1,,,,,,,,,,,,,,,,,,,,,,,,,,,,,,,,,,
パルスィ,防御,1,1,,,,,1,1,1,1,,,1,,1,,,,,,,1,,,,,,1,1,1,,,,,,,,,,,,,,,,,,,,,,,,,1,1,1,1,,,,,1,1,1,,,1,,1,1,1,,1,,1,1,1,1,1,1,1,1,1,1,1,1,1,1,1,1,1,1,1,,,,,,,,,,,,,,,,,,,,,,,,,,,,,,,,,,
パルスィ,辅助,1,1,,,,,1,1,1,1,,,1,,1,,,,,,,1,,,,,1,1,1,1,,,,,,,,,,,,,,,,,,,,,,,,,1,1,1,1,,,1,,1,1,1,,,1,,1,1,1,,1,,1,1,1,1,1,1,1,1,1,1,1,1,1,1,1,1,1,1,1,,,,,,,,,,,,,,,,,,,,,,,,,,,,,,,,,,
ゆうぎ,普通,,,,,,,,,1,1,1,,,,,,,,,,,,,,,,,,,,,,,1,,,,,,,,,,,,,,,,,,,,,,,,,,,,,1,1,1,,,,,,,1,,,,,,1,,,1,1,1,1,1,1,1,1,1,1,1,1,1,1,,,,,,,,,,,,,,,,,,,,,,,,,,,,,,,,,,
ゆうぎ,力量,,,,,,,,1,1,1,1,1,,,,,1,1,1,,,,,,,,,,,,,1,1,1,,,,,,,,1,1,,,,,,,,,,,,,,,,1,,,,1,1,1,,,,,,,1,,,,,,1,,,1,1,1,1,1,1,1,1,1,1,1,1,1,1,,,,,,,,,,,,,,,,,,,,,,,,,,,,,,,,,,
ゆうぎ,速度,,,,,,,,1,1,1,1,,1,,,,,,,,,,,,,,,,,,,1,1,1,,,,,,,,,1,1,1,,,,,,,,,,,,,1,,,,,1,1,1,,,,,,,1,,,,,,1,,,1,1,1,1,1,1,1,1,1,1,1,1,1,1,,,,,,,,,,,,,,,,,,,,,,,,,,,,,,,,,,
さとり,普通,,,,,,,,,,,,,,,,,,,,,,,,,,,,,,,,,,,,,,,,,,,,,,,,,,,,,,,,,,,,,,,,,,,,,,,,,,,,,,,,,,,,,,,,,,,,,,,,,,,,,,,,,,,,,,,,,,,,,,,,,,,,,,,,
さとり,防御,,,,,,,,,1,,,,,,,,,,,,,1,,,1,1,,,1,,,,,,,1,1,,,,,,,,,,,,1,,,,,1,1,1,,,,1,1,,1,1,1,,,,,1,1,1,1,,1,1,1,1,,1,1,1,1,1,1,1,1,1,1,1,1,1,1,1,,,,,,,,,,,,,,,,,,,,,,,,,,,,,,,,,,
さとり,辅助,,,,,,,,,,,,,,,,,,,,,,,,,,,,,,,,,,,,,,,,,,,,,,,,,,,,,,,,,,,,,,,,,,,,,,,,,,,,,,,,,,,,,,,,,,,,,,,,,,,,,,,,,,,,,,,,,,,,,,,,,,,,,,,,
りん,普通,,,,,,,,,1,1,,,,,,,,,,,,,,,,,1,,,,,,,,,,,,,,,,,,,,,,,1,,,,,,,,,,,,,1,1,1,,,1,1,1,1,1,,,,,,1,1,1,1,1,1,1,1,1,1,1,1,1,1,1,1,1,,,,,,,,,,,,,,,,,,,,,,,,,,,,,,,,,,
りん,速度,1,,,1,,,1,1,1,1,1,1,,,,,,,,,,,1,,,,1,,,,,,,,,1,,,,,,1,1,,,,,,,1,,,,1,,,,,,,,,1,1,1,,1,1,1,1,1,1,,,,,,1,1,1,1,1,1,1,1,1,1,1,1,1,1,1,1,1,,,,,,,,,,,,,,,,,,,,,,,,,,,,,,,,,,
りん,力量,1,,,1,,,1,1,1,1,1,1,,,,,,,,,,,1,,,,1,,,,,,,,,1,,,,,,1,1,,,,,,,1,,,,1,,,,,,,,,1,1,1,,1,1,1,1,1,1,,,,,,1,1,1,1,1,1,1,1,1,1,1,1,1,1,1,1,1,,,,,,,,,,,,,,,,,,,,,,,,,,,,,,,,,,
うつほ,普通,,,,,,,,,1,1,,,,,,,,,,,,,,,1,,,,,,,,,1,,,,,,,,,,,,,,,,,,,,,,,,,,,,,1,1,,,,,1,,1,1,,,,,,1,,,1,1,1,1,1,1,1,1,1,1,1,1,1,1,,,,,,,,,,,,,,,,,,,,,,,,,,,,,,,,,,
うつほ,力量,1,,,,,1,,1,1,1,1,1,,,,,,,,,,,,,1,,,,,,,,,1,,,,,1,,,1,1,,,,,,,,,,,,,,,,,,,,1,1,,,,,1,,1,1,,,,,,1,,,1,1,1,1,1,1,1,1,1,1,1,1,1,1,,,,,,,,,,,,,,,,,,,,,,,,,,,,,,,,,,
うつほ,速度,1,,,,,1,,1,1,1,,1,,,,,,,,,,,,,1,,,,,,,,1,1,,,,,1,,,1,1,,,,,,,,,,,,,,,,1,,,,1,1,,,,,1,,1,1,,,,,,1,,,1,1,1,1,1,1,1,1,1,1,1,1,1,1,,,,,,,,,,,,,,,,,,,,,,,,,,,,,,,,,,
こいし,普通,,,,,,,,,1,1,,,,,,,,,,,,,,,1,,,,1,,,,,,,,,,,1,1,,,,,,,,,,,,,,,,,,,,,,1,1,1,,,,,1,1,1,,1,,,,1,1,,1,1,1,1,1,1,1,1,1,1,1,1,1,1,,,,,,,,,,,,,,,,,,,,,,,,,,,,,,,,,,
こいし,力量,,,,,,,,1,1,1,,,,1,,,,,,,,,,,1,,,,1,,,,,,,,,,1,1,1,,1,1,,,,,,,1,,,,1,,,,,1,,,1,1,1,,,,,1,1,1,,1,,,,1,1,,1,1,1,1,1,1,1,1,1,1,1,1,1,1,,,,,,,,,,,,,,,,,,,,,,,,,,,,,,,,,,
こいし,辅助,,,,,,,,1,1,1,,,,1,,,,,,,,,,,1,,,,1,,,,,,,,,,1,1,1,,1,1,,,,,,,1,,,,1,,,,,1,,,1,1,1,,,,,1,1,1,1,1,,1,,1,1,,1,1,1,1,1,1,1,1,1,1,1,1,1,1,,,,,,,,,,,,,,,,,,,,,,,,,,,,,,,,,,
ナズーリン,普通,,,,,,,,,1,1,,,,,1,,,1,,1,,,,,,,1,1,1,,,,,,,,,,,,1,,,,,,,,,1,,1,,,,,,,,,,,1,1,1,1,,1,1,1,1,1,,,,,,1,1,1,1,1,1,1,1,1,1,1,1,1,1,1,1,1,,,,,,,,,,,,,,,,,,,,,,,,,,,,,,,,,,
ナズーリン,速度,,,1,,,,,1,1,1,1,,,,1,,,1,1,1,,,,,,,1,1,1,,1,,,,,,,,,,1,,,,,1,,1,,1,,1,,,,,,,,,,,1,1,1,1,,1,1,1,1,1,,,,,,1,1,1,1,1,1,1,1,1,1,1,1,1,1,1,1,1,,,,,,,,,,,,,,,,,,,,,,,,,,,,,,,,,,
ナズーリン,防御,,,1,,,,,1,1,1,1,,,,1,,,1,1,1,,,,1,,,1,1,1,,1,,,,,,1,1,,,1,,,,,,,1,1,1,,1,,,,,1,1,,,,,1,1,1,1,,1,1,1,1,1,1,1,,,,1,1,1,1,1,1,1,1,1,1,1,1,1,1,1,1,1,,,,,,,,,,,,,,,,,,,,,,,,,,,,,,,,,,
こがさ,普通,,,,,,,,,1,1,,,,1,1,,,,,,,1,1,1,1,1,1,,,1,,,,,,,,,,1,1,,,,,,,,,1,,1,,,,,,,,,,,1,1,,,,1,1,1,1,1,1,,,,1,1,1,1,1,1,1,1,1,1,1,1,1,1,1,1,1,1,,,,,,,,,,,,,,,,,,,,,,,,,,,,,,,,,,
こがさ,辅助,,1,,,,1,,,1,1,,,1,1,1,,,,,,1,1,1,1,1,1,1,,,1,,,,,,,,,1,1,1,,,1,1,1,,,,1,1,1,1,,,,,,,,,,1,1,,,,1,1,1,1,1,1,,,,1,1,1,1,1,1,1,1,1,1,1,1,1,1,1,1,1,1,,,,,,,,,,,,,,,,,,,,,,,,,,,,,,,,,,
こがさ,速度,,1,,,,1,,,1,1,,,1,1,1,,,,,,,1,1,1,1,1,1,,,1,,,,,,,,,1,1,1,,,1,1,1,,,,1,1,1,1,1,,1,1,,,,,1,1,1,,,,1,1,1,1,1,1,,,,1,1,1,1,1,1,1,1,1,1,1,1,1,1,1,1,1,1,,,,,,,,,,,,,,,,,,,,,,,,,,,,,,,,,,
いちりん＆うんざん,普通,,,,,,,,,1,1,,,,,,,,,,1,,,,,,,,,,,,,,1,1,,,,,,,,,,,,,,,,,,,,,,,,,,,,1,1,1,,,,1,1,1,1,,,,,,1,,,1,1,1,1,1,1,1,1,1,1,1,1,1,1,,,,,,,,,,,,,,,,,,,,,,,,,,,,,,,,,,
いちりん＆うんざん,力量,,,,1,1,1,,1,1,1,,,1,,,1,1,,,1,1,,,,,,,,,,,,1,1,1,,,,,,,,,,,,,,,,,,,,,,,,1,,,,1,1,1,,,,1,1,1,1,,,,,,1,,,1,1,1,1,1,1,1,1,1,1,1,1,1,1,,,,,,,,,,,,,,,,,,,,,,,,,,,,,,,,,,
いちりん＆うんざん,防御,,,,1,1,1,,1,1,1,,,,,,,,,,1,1,,,,,,,,,,,,1,1,1,,,,,,,,1,1,,,,,,,,,,,,,,,1,,,,1,1,1,,,,1,1,1,1,,,,,,1,,,1,1,1,1,1,1,1,1,1,1,1,1,1,1,,,,,,,,,,,,,,,,,,,,,,,,,,,,,,,,,,
むらさ,普通,,,,,,,,,1,1,,,,,,,,1,,1,,,1,,,,,,,1,,,,1,,,,,,,,,,,,,,,,1,,,,,,,,,,,,,1,1,,,,1,,1,1,1,,1,,,,1,1,,1,1,1,1,1,1,1,1,1,1,1,1,1,1,,,,,,,,,,,,,,,,,,,,,,,,,,,,,,,,,,
むらさ,力量,,1,,,,,1,1,1,1,,,1,1,,,,1,1,1,,,1,,,,,,,1,,,,1,,,,,,,,,,,1,,,,,1,,,,,1,1,,,,,,,1,1,,,,1,,1,1,1,,1,,,,1,1,,1,1,1,1,1,1,1,1,1,1,1,1,1,1,,,,,,,,,,,,,,,,,,,,,,,,,,,,,,,,,,
むらさ,防御,,1,,,,,1,1,1,1,,,1,1,,,,1,1,1,,,1,,,,,,,1,,,,1,1,1,,,,,,,,,1,,,,,1,,,,,1,1,,,,,,,1,1,,,,1,,1,1,1,,1,1,,1,1,1,,1,1,1,1,1,1,1,1,1,1,1,1,1,1,,,,,,,,,,,,,,,,,,,,,,,,,,,,,,,,,,
しょう,普通,,,,,,,,,1,1,,,,,1,,,,,,,,,,1,,,,,,,,,,,,,,,1,1,,,,,,,,,1,,1,,,,,,,,,,,1,1,,,,,1,1,1,1,1,,,,,1,1,,1,1,1,1,1,1,1,1,1,1,1,1,1,1,,,,,,,,,,,,,,,,,,,,,,,,,,,,,,,,,,
しょう,力量,,,,,1,1,,1,1,1,,,,,1,,,,,,,,,,1,1,,,,,,,,,,,,,1,1,1,,,,,,,,,1,1,1,1,1,,,,,,,,,1,1,,,,,1,1,1,1,1,,,,,1,1,,1,1,1,1,1,1,1,1,1,1,1,1,1,1,,,,,,,,,,,,,,,,,,,,,,,,,,,,,,,,,,
しょう,速度,,,,,1,1,,1,1,1,,,,,1,1,1,1,,,,1,,,1,1,,,,,,,,,,,,,1,1,1,,,,,,,1,,1,1,1,1,1,,,,,,,,,1,1,,,,,1,1,1,1,1,,,,,1,1,,1,1,1,1,1,1,1,1,1,1,1,1,1,1,,,,,,,,,,,,,,,,,,,,,,,,,,,,,,,,,,
ひじり,普通,,,,,,,,,1,1,,,,,,,,,,,,,,,1,,,,,,,,,1,,,,,,1,1,,,,,,,,,,,1,,,,,,,,,,,1,1,1,,,,,,,,,,,,,1,,,1,1,1,1,1,1,1,1,1,1,1,1,1,1,,,,,,,,,,,,,,,,,,,,,,,,,,,,,,,,,,
ひじり,防御,1,,,,1,1,,1,1,1,,,,,,,,,,,,,,,1,1,,,,,,1,1,1,,,,,1,1,1,,1,,,1,,,,,,1,,1,,,,,1,,,,1,1,1,,,,,,,,,,,,,1,,,1,1,1,1,1,1,1,1,1,1,1,1,1,1,,,,,,,,,,,,,,,,,,,,,,,,,,,,,,,,,,
ひじり,速度,1,,,,1,1,,1,1,1,,,,,,,,,,,,,,,1,1,,,,1,,1,1,1,,,,,1,1,1,,1,,,1,,,,,,1,,1,,,,,1,,,,1,1,1,,,,,,,,,,,,,1,,,1,1,1,1,1,1,1,1,1,1,1,1,1,1,,,,,,,,,,,,,,,,,,,,,,,,,,,,,,,,,,
ぬえ,普通,,,,,,,,,1,,,,,,,,,,,,,,1,,,,1,,1,,,,,,,,,,,,,,,,,,,,,1,,1,,,,,,,,,,,1,1,,,,1,1,1,1,1,,,,,,1,1,1,1,1,1,1,1,1,1,1,1,1,1,1,1,1,,,,,,,,,,,,,,,,,,,,,,,,,,,,,,,,,,
ぬえ,力量,,,,,,,1,1,1,,,,,,,,,,,,1,,1,,,,1,,1,,1,,,,,1,1,,1,,,,1,,,,,,,1,1,1,1,,,1,,,1,1,1,,1,1,,,,1,1,1,1,1,,,,,,1,1,1,1,1,1,1,1,1,1,1,1,1,1,1,1,1,,,,,,,,,,,,,,,,,,,,,,,,,,,,,,,,,,
ぬえ,防御,,,,,,,1,1,1,,,,,,,,,,,,1,,1,,,,1,1,1,,1,,,,,1,1,,1,,,,1,,,,,,,1,1,1,,,,1,,,1,1,1,,1,1,,,,1,1,1,1,1,1,1,1,1,1,1,1,1,1,1,1,1,1,1,1,1,1,1,1,1,1,1,,,,,,,,,,,,,,,,,,,,,,,,,,,,,,,,,,
はたて,普通,,,,,,,,,1,1,,,,,,,,,,,,1,1,,,,,,,,,,,,,,,,,,,,,,,,,,,1,,,,,,,,,,,,,1,1,,1,,,1,1,1,1,,,,,,1,1,1,1,1,1,1,1,1,1,1,1,1,1,1,1,1,,,,,,,,,,,,,,,,,,,,,,,,,,,,,,,,,,
はたて,力量,,,,1,1,,,1,1,1,,,,,,,,,,,1,1,1,,,1,,,,,,,,,,,,,1,,,,,,,,,,,1,,,1,,,,,,1,1,1,,1,1,,1,,,1,1,1,1,,,,,,1,1,1,1,1,1,1,1,1,1,1,1,1,1,1,1,1,,,,,,,,,,,,,,,,,,,,,,,,,,,,,,,,,,
はたて,辅助,,,,1,1,,,1,1,1,,,,,,,,,,,1,1,1,,,,1,,,,,,,,,1,1,1,1,,,,,,,,,,,1,,1,1,,,,,,1,1,1,,1,1,,1,1,,1,1,1,1,1,1,,,1,1,1,1,1,1,1,1,1,1,1,1,1,1,1,1,1,1,,,,,,,,,,,,,,,,,,,,,,,,,,,,,,,,,,
かせん,普通,,,,,,,,,1,1,,,,,,,,,,,,,,,,,,,,,,,,1,,,,,,,,,,,,,,,,1,,,,,,,,,,,,,1,1,,,,,,1,1,1,,,,,,1,,1,1,1,1,1,1,1,1,1,1,1,1,1,1,1,,,,,,,,,,,,,,,,,,,,,,,,,,,,,,,,,,
かせん,力量,1,,,,,1,1,1,1,1,,,,,,,1,,,,,,,,,,,,,,,1,,1,,1,1,,1,,,1,,,,,,,,1,,,,,,,,,1,1,1,,1,1,,,,,,1,1,1,,,,,,1,,1,1,1,1,1,1,1,1,1,1,1,1,1,1,1,,,,,,,,,,,,,,,,,,,,,,,,,,,,,,,,,,
かせん,辅助,1,,,,,1,1,1,1,1,,,,,,,1,,,,1,,,,,,,,,,,1,,1,,,,,1,,,1,,,,,,,,1,,,,,,1,1,,1,1,1,,1,1,,,,,,1,1,1,,,,,,1,,1,1,1,1,1,1,1,1,1,1,1,1,1,1,1,,,,,,,,,,,,,,,,,,,,,,,,,,,,,,,,,,
きょうこ,普通,,,,,,,,,1,1,,,,,,,,1,,,,,,,1,,,,1,,,,,,,,,,,1,,,,,,,,,,1,,,,,,,,,,,,,1,1,,1,,1,1,1,1,1,,,,,,1,1,1,1,1,1,1,1,1,1,1,1,1,1,1,1,1,,,,,,,,,,,,,,,,,,,,,,,,,,,,,,,,,,
きょうこ,力量,,,1,,,,,1,1,1,,,,,,,,1,,,,,,,1,,,,1,,,,,,,,,1,1,1,,,,1,1,1,1,,,1,,1,,,,,,,,,,,1,1,,1,,1,1,1,1,1,,,,,,1,1,1,1,1,1,1,1,1,1,1,1,1,1,1,1,1,,,,,,,,,,,,,,,,,,,,,,,,,,,,,,,,,,
きょうこ,辅助,,,1,,,,,1,1,1,,,,,,,,1,,,,,,,1,,,,1,,,,,,,,,1,1,1,,,,1,1,,,,,1,,,,,,,,,,,,,1,1,,1,,1,1,1,1,1,1,1,,,1,1,1,1,1,1,1,1,1,1,1,1,1,1,1,1,1,1,,,,,,,,,,,,,,,,,,,,,,,,,,,,,,,,,,
よしか,普通,,,,,,,,,1,1,,,,,,,,,,,,,,,,,,,1,,,,,1,,,,,,,,,,,,,,,,,,,,,,,,,,,,,1,1,1,,,1,,1,1,1,,,,,1,1,,1,1,1,1,1,1,1,1,1,1,1,1,1,1,1,,,,,,,,,,,,,,,,,,,,,,,,,,,,,,,,,,
よしか,力量,1,,,,,,1,1,1,1,,1,,,1,,,,,1,,,,,,,,,1,,,,1,1,,,,,1,,,1,1,,1,,,,,,,,,,,1,1,1,,,,,1,1,1,,,1,,1,1,1,,,,,1,1,,1,1,1,1,1,1,1,1,1,1,1,1,1,1,1,,,,,,,,,,,,,,,,,,,,,,,,,,,,,,,,,,
よしか,防御,1,,,,,,1,1,1,1,,,,,1,,,,,1,,,,,,,1,,1,1,,,,1,,,,,1,,,1,,,1,,,,,,,,,,,1,1,1,,,,,1,1,1,,,1,,1,1,1,,,1,,1,1,,1,1,1,1,1,1,1,1,1,1,1,1,1,1,1,,,,,,,,,,,,,,,,,,,,,,,,,,,,,,,,,,
せいが,普通,,,,,,,,,1,1,,,,,,,,,,,,,,1,,,1,,,,,,,1,,,,,,,1,,,,,,,,,,,,,,,,,,,,,,1,1,,1,,1,1,1,1,1,,1,,,1,1,1,1,1,1,1,1,1,1,1,1,1,1,1,1,1,1,,,,,,,,,,,,,,,,,,,,,,,,,,,,,,,,,,
せいが,速度,,,,,1,,1,1,1,1,,,,1,1,,,,,,,,,1,,,1,,,,1,,,1,1,1,,,1,,1,,,1,,1,1,,1,,,,,,1,1,1,1,,1,1,,1,1,,1,,1,1,1,1,1,,1,,1,1,1,1,1,1,1,1,1,1,1,1,1,1,1,1,1,1,1,,,,,,,,,,,,,,,,,,,,,,,,,,,,,,,,,,
せいが,力量,,,,,1,,1,1,1,1,,,,,,,,,,,,,,1,,,1,,,,1,,,1,1,1,,,1,,1,,,1,,,,,1,,,,,,1,1,1,1,1,1,1,,1,1,,1,,1,1,1,1,1,,1,,1,1,1,1,1,1,1,1,1,1,1,1,1,1,1,1,1,1,1,,,,,,,,,,,,,,,,,,,,,,,,,,,,,,,,,,
とじこ,普通,,,,,,,,,1,1,,,,,,,,,,,,,,1,,,,,,,,,,,,,,,,1,1,,,,,,,,,,,1,,,,,,,,,,,1,1,,,,,,,,1,,,,,,1,,,1,1,1,1,1,1,1,1,1,1,1,1,1,1,,,,,,,,,,,,,,,,,,,,,,,,,,,,,,,,,,
とじこ,速度,,,,,1,,,,1,1,,,,,,,,,,,1,,,1,1,1,1,,,,,,,,,,,,1,1,1,,,,,,,,,,1,1,1,,,,,,,,,,1,1,,,,,,,,1,,,,,,1,,,1,1,1,1,1,1,1,1,1,1,1,1,1,1,,,,,,,,,,,,,,,,,,,,,,,,,,,,,,,,,,
とじこ,防御,,,,,1,,,,1,1,,,,,,,,,,,1,,,1,,,,,,,,,,,,,,,1,1,1,1,1,,,1,,,,1,1,1,1,,1,1,1,,1,,,,1,1,,,1,,1,,,1,1,1,,,,1,1,1,1,1,1,1,1,1,1,1,1,1,1,1,1,1,,,,,,,,,,,,,,,,,,,,,,,,,,,,,,,,,,
ふと,普通,,,,,,,,,1,1,,,,,,,,,,,,,,,,,1,,,,,,,,,,,,,,1,,,,,,,,,1,,,,,,,,,,,,,1,1,1,1,1,,1,1,1,1,1,1,,,,1,1,1,1,1,1,1,1,1,1,1,1,1,1,1,1,1,,,,,,,,,,,,,,,,,,,,,,,,,,,,,,,,,,
ふと,速度,1,1,,1,,,,1,1,1,,,1,,,,,,,,1,1,1,,,,1,,,,1,,,,,,,,1,,1,,1,1,1,,,,,1,,,,,,,,,,1,,,1,1,1,1,1,,1,1,1,1,1,1,,,,1,1,1,1,1,1,1,1,1,1,1,1,1,1,1,1,1,,,,,,,,,,,,,,,,,,,,,,,,,,,,,,,,,,
ふと,力量,1,1,,1,,,,1,1,1,1,1,,,,1,1,1,,,,,,,,,1,,,,1,,,,,,,,1,,1,1,1,1,,,,1,,1,,,,,,,,,,1,,,1,1,1,1,1,,1,1,1,1,1,1,,,,1,1,1,1,1,1,1,1,1,1,1,1,1,1,1,1,1,,,,,,,,,,,,,,,,,,,,,,,,,,,,,,,,,,
みこ,普通,,,,,,,,,1,1,,,,,,,,,,,,,,,,,,,,,,,1,,,,,,,1,1,,,,,,,,,1,,,,,,,,,,,,,1,1,,,,,,,,1,1,,,,,1,,1,1,1,1,1,1,1,1,1,1,1,1,1,1,1,,,,,,,,,,,,,,,,,,,,,,,,,,,,,,,,,,
みこ,速度,1,,,,1,1,,1,1,1,,,,,,,,1,,,,,,,,1,,,1,,,,1,,,,,,1,1,1,,,,,,,,,1,,,,,,,,,,,,1,1,1,,,,,,,,1,1,,,,,1,,1,1,1,1,1,1,1,1,1,1,1,1,1,1,1,,,,,,,,,,,,,,,,,,,,,,,,,,,,,,,,,,
みこ,力量,1,,1,,,1,,1,1,1,,,,,,,,1,,,,,,,,1,,,1,1,,,1,,,,,1,1,1,1,1,1,,,,,,,1,1,,,,,,,,,,,1,1,1,,,,,,,,1,1,,,,,1,,1,1,1,1,1,1,1,1,1,1,1,1,1,1,1,,,,,,,,,,,,,,,,,,,,,,,,,,,,,,,,,,
マミゾウ,普通,,,,,,,,,1,1,,,,,1,,,1,,,,,1,,,,1,,1,,,,,,,,,,,,,,,,,,,,,,,,,,,,,,,,,,1,1,,,,,1,1,,1,,,,,,1,1,,1,1,1,1,1,1,1,1,1,1,1,1,1,1,,,,,,,,,,,,,,,,,,,,,,,,,,,,,,,,,,
マミゾウ,防御,,1,1,,,1,,1,1,1,,,,1,1,,,1,1,,,,1,,,,1,,1,,,,,,1,,1,,1,,,,,,,1,1,1,,,,,,,,,,,,1,1,,1,1,,,,,1,1,,1,,,,,1,1,1,,1,1,1,1,1,1,1,1,1,1,1,1,1,1,,,,,,,,,,,,,,,,,,,,,,,,,,,,,,,,,,
マミゾウ,力量,,1,1,,,1,,1,1,1,,,,,1,1,,1,1,,,,1,,,,1,1,1,,,,,,,,1,,1,,,,,,,,,1,,,,,,1,,,,,,1,1,,1,1,,,,,1,1,,1,,,,1,,1,1,,1,1,1,1,1,1,1,1,1,1,1,1,1,1,,,,,,,,,,,,,,,,,,,,,,,,,,,,,,,,,,
こすず,普通,1,1,1,1,1,1,1,1,1,1,1,1,1,1,1,1,1,1,1,1,1,1,1,1,1,1,1,1,1,1,1,1,1,1,1,1,1,1,1,1,1,1,1,1,1,1,1,1,1,1,1,1,1,1,1,1,1,1,1,1,1,1,1,1,1,1,1,1,1,1,1,1,1,1,1,1,1,1,1,1,1,1,1,1,1,1,1,1,1,1,1,1,1,1,,,,,,,,,,,,,,,,,,,,,,,,,,,,,,,,,,
こすず,防御,1,1,1,1,1,1,1,1,1,1,1,1,1,1,1,1,1,1,1,1,1,1,1,1,1,1,1,1,1,1,1,1,1,1,1,1,1,1,1,1,1,1,1,1,1,1,1,1,1,1,1,1,1,1,1,1,1,1,1,1,1,1,1,1,1,1,1,1,1,1,1,1,1,1,1,1,1,1,1,1,1,1,1,1,1,1,1,1,1,1,1,1,1,1,,,,,,,,,,,,,,,,,,,,,,,,,,,,,,,,,,
こすず,辅助,1,1,1,1,1,1,1,1,1,1,1,1,1,1,1,1,1,1,1,1,1,1,1,1,1,1,1,1,1,1,1,1,1,1,1,1,1,1,1,1,1,1,1,1,1,1,1,1,1,1,1,1,1,1,1,1,1,1,1,1,1,1,1,1,1,1,1,1,1,1,1,1,1,1,1,1,1,1,1,1,1,1,1,1,1,1,1,1,1,1,1,1,1,1,,,,,,,,,,,,,,,,,,,,,,,,,,,,,,,,,,
こころ,普通,,,,,,,,,1,1,,,,,1,,,1,,,,1,,,1,,,,,,,,,,,,,,,1,1,,,,,,,,,1,,,,,,,,,,,,,1,1,1,,,,1,1,1,1,,,,,,1,,,1,1,1,1,1,1,1,1,1,1,1,1,1,1,,,,,,,,,,,,,,,,,,,,,,,,,,,,,,,,,,
こころ,防御,,,,,,1,1,1,1,1,,1,,,1,,,1,,,,1,,,1,1,,,,,,,,1,1,,,1,1,1,1,1,,,,,,,,1,,,,,,,,,,,,,1,1,1,,,,1,1,1,1,,,,,,1,,,1,1,1,1,1,1,1,1,1,1,1,1,1,1,,,,,,,,,,,,,,,,,,,,,,,,,,,,,,,,,,
こころ,力量,,,,,,1,1,1,1,1,,1,,,1,,,1,,,,1,,,1,1,,,,,,,,,,,,1,1,1,1,1,,,,,,,,1,,,1,1,,1,,,1,,,,1,1,1,,,,1,1,1,1,1,,,,,1,,,1,1,1,1,1,1,1,1,1,1,1,1,1,1,,,,,,,,,,,,,,,,,,,,,,,,,,,,,,,,,,
わかさぎひめ,普通,,,,,,,,,1,,,,,,,,,,,,,,,,1,,,,,,,,,,,,,,,1,,,,,1,,,,,,,,,,,,,,,,,,1,1,,,,,,1,1,1,,,,,,1,1,,1,1,1,1,1,1,1,1,1,1,1,1,1,1,,,,,,,,,,,,,,,,,,,,,,,,,,,,,,,,,,
わかさぎひめ,力量,,1,1,,,,,,1,,,,1,,,,,1,,,,,,,1,,,,,,,,,,,,,,1,1,,,,1,1,,,1,,,,,,,,,,,,,,,1,1,,,,1,,1,1,1,,,,1,,1,1,,1,1,1,1,1,1,1,1,1,1,1,1,1,1,,,,,,,,,,,,,,,,,,,,,,,,,,,,,,,,,,
わかさぎひめ,速度,,1,1,,,,,,1,,,,1,,,,,1,,,,,,,1,,,,,,,,,,,,,,1,1,,,,1,1,,1,1,,,,,,,,,,,,,,,1,1,,1,,1,1,1,1,1,,,,,,1,1,,1,1,1,1,1,1,1,1,1,1,1,1,1,1,,,,,,,,,,,,,,,,,,,,,,,,,,,,,,,,,,
せきばんき,普通,,,,,,,,,1,,,,,,,1,,1,,,,,,,,,1,1,,,,,,1,,,,,1,,1,,,,,,,,,1,,,,,,,,,,,,,1,1,,,,,,1,1,1,,,,1,,1,,,1,1,1,1,1,1,1,1,1,1,1,1,1,1,,,,,,,,,,,,,,,,,,,,,,,,,,,,,,,,,,
せきばんき,力量,1,,,1,,,1,,1,1,,,,,,1,,1,,,,,1,,,,1,1,1,,,,,1,,,,,1,,1,,,,,,,,,1,,,,,1,1,,,,,,,1,1,,,,,,1,1,1,,,,1,,1,1,1,1,1,1,1,1,1,1,1,1,1,1,1,1,1,,,,,,,,,,,,,,,,,,,,,,,,,,,,,,,,,,
せきばんき,辅助,1,,,1,,,1,,1,1,,,,,,1,,,,,,,,,,,1,1,1,,,,,,,,,,1,,1,,,,,,,,1,1,,,,,1,1,1,1,,,1,,1,1,1,,1,,,1,1,1,,,,1,,1,1,1,1,1,1,1,1,1,1,1,1,1,1,1,1,1,,,,,,,,,,,,,,,,,,,,,,,,,,,,,,,,,,
かげろう,普通,,,,,,,1,,1,,,,,,,,,,,,,1,,,,,1,,,,,,,,,,,,,1,1,,,,,,,,,1,,,,,,,,,,,,,1,1,,,,,,1,1,1,,,,,,1,,,1,1,1,1,1,1,1,1,1,1,1,1,1,1,,,,,,,,,,,,,,,,,,,,,,,,,,,,,,,,,,
かげろう,速度,,,1,1,,,1,1,1,,,,,,,,,1,,,,1,1,,,,1,,,,,,,,,,,,,1,1,,,,,,1,1,,1,,1,,,,,,,,,,,1,1,,,,,,1,1,1,,,,,,1,,,1,1,1,1,1,1,1,1,1,1,1,1,1,1,,,,,,,,,,,,,,,,,,,,,,,,,,,,,,,,,,
かげろう,力量,,,1,1,,,1,1,1,,,,,,,1,1,1,,,,1,,,,,1,,,,,,1,,,,,,,1,1,,,,,,,,,1,,,,,,,,,,,,,1,1,,,,,,1,1,1,,,,,,1,,,1,1,1,1,1,1,1,1,1,1,1,1,1,1,,,,,,,,,,,,,,,,,,,,,,,,,,,,,,,,,,
べんべん,普通,,,,,,,,,1,1,,,,,1,,,,,1,,,,,,,1,,,,,,,,,,1,,1,,,,,,,,,,,1,,,,,,,,,,,,,1,1,1,1,,1,1,1,1,1,1,,,,,1,1,1,1,1,1,1,1,1,1,1,1,1,1,1,1,1,,,,,,,,,,,,,,,,,,,,,,,,,,,,,,,,,,
べんべん,力量,,1,1,1,1,,1,1,1,1,,,,,1,,,,1,1,,,,1,,1,1,,,1,,,,,,,1,1,1,,,,,,,,,,,1,,1,,,,,,,,,1,,1,1,1,1,,1,1,1,1,1,1,1,1,1,1,1,1,1,1,1,1,1,1,1,1,1,1,1,1,1,1,1,,,,,,,,,,,,,,,,,,,,,,,,,,,,,,,,,,
べんべん,防御,,1,1,1,1,,1,1,1,1,,,,1,1,,,,1,1,,,,,,1,1,,,1,,,,,,1,1,1,1,,,,,,,,,,,1,,1,,,,,,,,,1,,1,1,1,1,1,1,1,1,1,1,1,1,1,1,,1,1,1,1,1,1,1,1,1,1,1,1,1,1,1,1,1,,,,,,,,,,,,,,,,,,,,,,,,,,,,,,,,,,
やつはし,普通,,,,,,,,,1,1,,,,,,,,,,,,,,1,,,1,,,,,,,,,,,,1,1,1,,,,,,,,,1,,,,,,,,,,,1,,1,1,1,1,,1,1,1,1,1,1,,,,,1,1,1,1,1,1,1,1,1,1,1,1,1,1,1,1,1,,,,,,,,,,,,,,,,,,,,,,,,,,,,,,,,,,
やつはし,速度,,1,1,1,1,,1,,1,1,,,,,,,,,,,,1,,1,,,1,,,1,,,,,1,,,,1,1,1,,,,1,1,,,,1,1,1,,,,1,,1,1,,1,1,1,1,1,1,,1,1,1,1,1,1,1,1,1,1,1,1,1,1,1,1,1,1,1,1,1,1,1,1,1,1,1,,,,,,,,,,,,,,,,,,,,,,,,,,,,,,,,,,
やつはし,防御,,1,1,1,1,,1,,1,1,,,,,,,,,,,,1,,1,,,1,,,,,,,,1,,1,,1,1,1,,,,1,1,1,,,1,,,,,,1,,1,,,1,1,1,1,1,1,1,1,1,1,1,1,1,1,1,1,,1,1,1,1,1,1,1,1,1,1,1,1,1,1,1,1,1,,,,,,,,,,,,,,,,,,,,,,,,,,,,,,,,,,
せいじゃ,普通,,,,,,,,,1,1,,,,,1,,,,,,,,,,,,1,,,,1,,,1,,,,,,1,,,,,,,,,,,,,,,,,,,,,,,1,1,1,,,,,1,1,1,,1,,,,1,1,1,1,1,1,1,1,1,1,1,1,1,1,1,1,1,,,,,,,,,,,,,,,,,,,,,,,,,,,,,,,,,,
せいじゃ,速度,1,,1,,,,1,1,1,1,1,,,1,1,,,,,,,,,,,,1,,,1,1,,,1,,,,,,1,,,1,,,,,,,,,,,,,,,1,,,,,1,1,1,,,,,1,1,1,,1,,,,1,1,1,1,1,1,1,1,1,1,1,1,1,1,1,1,1,,,,,,,,,,,,,,,,,,,,,,,,,,,,,,,,,,
せいじゃ,防御,1,,1,,,,1,1,1,1,,,,1,1,,,,,,,,,,,,1,,,,1,,,1,,,,,,1,,,1,,,,,,,,,,,,1,,,1,,,,,1,1,1,,,1,,1,1,1,,1,1,,,1,1,1,1,1,1,1,1,1,1,1,1,1,1,1,1,1,,,,,,,,,,,,,,,,,,,,,,,,,,,,,,,,,,
しんみょうまる,普通,,,,,,,,,1,1,,,,,,,,,,,,,,,,,,,,,,,,,,,,,,1,1,,,,,,,,,,,,,,,,,,,,,,1,1,,,,,,1,1,1,,,,,1,1,,,1,1,1,1,1,1,1,1,1,1,1,1,1,1,,,,,,,,,,,,,,,,,,,,,,,,,,,,,,,,,,
しんみょうまる,防御,,,,,,,,1,1,1,,,,,,1,1,,,,,,,,,,,,,,,,,1,,,,,,1,1,1,,,,,,1,1,,,,,,,,,,,,,,1,1,,,,,,1,1,1,,,,,1,1,1,,1,1,1,1,1,1,1,1,1,1,1,1,1,1,,,,,,,,,,,,,,,,,,,,,,,,,,,,,,,,,,
しんみょうまる,力量,,,,,,,,1,1,1,,,1,,,,,,,1,,,,,,,,,,,,1,,1,1,,,,,1,1,1,,,,,,,1,,,,,,,,,,1,,,,1,1,,,,,,1,1,1,,,,,1,1,1,,1,1,1,1,1,1,1,1,1,1,1,1,1,1,,,,,,,,,,,,,,,,,,,,,,,,,,,,,,,,,,
らいこ,普通,,,,,,,,,1,1,,,,,,,,,,,,,,1,,,,,,,,,,,,,,,,,,,,,,,,,,,,1,,,,,,,,,,,1,1,,,,,,1,1,1,,,,,,1,1,1,1,1,1,1,1,1,1,1,1,1,1,1,1,1,,,,,,,,,,,,,,,,,,,,,,,,,,,,,,,,,,
らいこ,力量,,,,,1,,,1,1,1,,,,,,,,,1,,,,,1,,,,,,,,,,,,,,,,,,,,,,,,,,,1,1,1,1,,1,,,,,,1,1,1,,,,,,1,1,1,,,,,,1,1,1,1,1,1,1,1,1,1,1,1,1,1,1,1,1,,,,,,,,,,,,,,,,,,,,,,,,,,,,,,,,,,
らいこ,辅助,,,,,1,,,1,1,1,1,,,,,,,,1,,,,,1,,,,,,,,,,,,,1,,,,,,,,,,,,,,1,1,1,,,,,,,,,1,1,1,,,,,,1,1,1,1,1,,,,1,1,1,1,1,1,1,1,1,1,1,1,1,1,1,1,1,,,,,,,,,,,,,,,,,,,,,,,,,,,,,,,,,,
