名称,形态,火焰标枪,水之标枪,草之枪,风之枪,电之枪,光之枪,影之枪,超越神技,狂乱净琉璃,逆境一击,升阳,燃烧强袭,飞瀑,饥饿之声,翻滚植物,流星吐息,大地解放,石钉,反乱冲击,驱霞,幻想乡直击台风,震击刻印,盗窃之风,球状闪电,天光之舞,破邪之箭,交换链,暗影箭,失落危机,三魂七魄离散,毒矢,真空破断拳,流星冲击,崩坏射击,换防,奈落之花,圣艾尔摩之火,舞蹈队列,三效合一,天神加护,四神加护,闪燃,炼狱,冻雨,懒散迷雾,彩光百花,迷雾,宝石风暴,铬激光,粉碎旋击,雷帝之怒,疾风迅雷,雷霆之力,星火术,拉普拉斯之眼,鬼魂波动,痛苦加深,毒爆弹,排山倒海,未知的闪焰,重力炮,超高音调,森罗结界,子机屏障,无我之境,禁足,铝热剂,干旱,突风,力场屏障,力场保护,幸运彩虹,闪光弹,欺诈交易,甜美噩梦,正后方是谁,瘴气,投币接关,欢快节奏,抱怨,一符·炎,二符·水,三符·自然,四符·大地,五符·钢铁,六符·风,七符·雷,八符·光,九符·暗,十符·冥,十一符·毒,十二符·斗,十三符·幻,十四符·音,NULL,NULL,NULL,NULL,NULL,NULL,NULL,NULL,NULL,NULL,NULL,NULL,NULL,NULL,NULL,NULL,NULL,NULL,NULL,NULL,NULL,NULL,NULL,NULL,NULL,NULL,NULL,NULL,NULL,NULL,NULL,NULL,NULL,NULL
灵梦,普通,,,,,,,,,1,1,,,,,1,,,,,,,,,,1,,,,,,,,,1,,,,,,1,,,,,,,,,,,,,,,,,,,,,,,1,1,,1,,1,1,1,1,,,,,,,1,1,1,1,1,1,1,1,1,1,1,1,1,1,1,1,1,1,1,1,1,1,1,1,1,1,1,1,1,1,1,1,1,1,1,1,1,1,1,1,1,1,1,1,1,1,1,1,1,1,1
灵梦,防御,,,,,,1,,1,1,1,,,,1,1,1,1,,,,1,,,,1,1,,,,,,,,1,,1,1,,1,1,,,,,,1,,,,,,,,,,,,,1,1,,,1,1,,1,,1,1,1,1,,,,,,1,1,1,1,1,1,1,1,1,1,1,1,1,1,1,1,1,1,1,1,1,1,1,1,1,1,1,1,1,1,1,1,1,1,1,1,1,1,1,1,1,1,1,1,1,1,1,1,1,1,1,1
灵梦,力量,,,,,,1,,1,1,1,,,,,1,,1,,1,,1,,,,1,,,,,,,1,1,1,,1,1,,1,1,,,,,,1,,,,,,,,,,,,,1,1,,,1,1,,1,,1,1,1,1,,,,,,,1,1,1,1,1,1,1,1,1,1,1,1,1,1,1,1,1,1,1,1,1,1,1,1,1,1,1,1,1,1,1,1,1,1,1,1,1,1,1,1,1,1,1,1,1,1,1,1,1,1,1
魔理沙,普通,,,,,,,,,1,1,,,,,,,,,,,,,1,,,,1,,1,,,,,,,,,,,1,1,,,,,,,,,1,,1,,1,,,,,,,,,1,1,1,1,,,1,1,1,1,1,1,,,,1,1,1,1,1,1,1,1,1,1,1,1,1,1,1,1,1,1,1,1,1,1,1,1,1,1,1,1,1,1,1,1,1,1,1,1,1,1,1,1,1,1,1,1,1,1,1,1,1,1,1
魔理沙,速度,,,,,1,1,,1,1,1,1,,,,,1,,,,,,,1,,,,1,,1,,,,,,,,,,1,1,1,,,,,,,,,1,1,1,1,1,1,,,,,,,1,1,1,1,1,,,1,1,1,1,1,1,,,,1,1,1,1,1,1,1,1,1,1,1,1,1,1,1,1,1,1,1,1,1,1,1,1,1,1,1,1,1,1,1,1,1,1,1,1,1,1,1,1,1,1,1,1,1,1,1,1,1,1,1
魔理沙,力量,,,,,1,1,,,1,1,1,,,,,1,,,,,,,1,,1,1,1,1,1,,,,,,,,,1,1,1,1,,,,,,,,,1,,1,,1,1,,,,,,1,,1,1,1,1,,,1,1,1,1,1,1,,,,1,1,1,1,1,1,1,1,1,1,1,1,1,1,1,1,1,1,1,1,1,1,1,1,1,1,1,1,1,1,1,1,1,1,1,1,1,1,1,1,1,1,1,1,1,1,1,1,1,1,1
神玉,普通,,,,,,,,,1,1,,,,,1,,,,1,1,,,,,1,,,,1,,,,,,,,,,,,1,,,,,,,,,1,,,,,,,,,,,,,1,1,1,1,1,1,1,1,1,1,1,,,,,1,1,1,1,1,1,1,1,1,1,1,1,1,1,1,1,1,1,1,1,1,1,1,1,1,1,1,1,1,1,1,1,1,1,1,1,1,1,1,1,1,1,1,1,1,1,1,1,1,1,1
神玉,辅助,1,1,,,,1,1,1,1,1,1,1,1,,1,,,,1,1,,,,,1,,,,1,,,,,,,,,,1,,1,1,1,1,1,,,,,1,,,,,,1,,,,,,1,1,1,1,1,1,1,1,1,1,1,1,,1,1,,1,1,1,1,1,1,1,1,1,1,1,1,1,1,1,1,1,1,1,1,1,1,1,1,1,1,1,1,1,1,1,1,1,1,1,1,1,1,1,1,1,1,1,1,1,1,1,1,1,1,1
神玉,防御,1,1,,,,1,1,1,1,1,1,1,1,,1,,,,1,1,,,,,1,,,,1,,,,,,,,,,1,,1,1,1,1,1,,,,,1,,,,,,1,,,,,,1,1,1,1,1,1,1,1,1,1,1,1,,1,1,,1,1,1,1,1,1,1,1,1,1,1,1,1,1,1,1,1,1,1,1,1,1,1,1,1,1,1,1,1,1,1,1,1,1,1,1,1,1,1,1,1,1,1,1,1,1,1,1,1,1,1
幽玄魔眼,普通,,,,,,,,,1,1,,,,,,,,,,,,,,,,,,,1,,,,,,,,,,,1,1,,,,,,,,,1,,,,,,,,,,,,,1,1,1,,,,,1,1,1,,1,,1,,1,1,1,1,1,1,1,1,1,1,1,1,1,1,1,1,1,1,1,1,1,1,1,1,1,1,1,1,1,1,1,1,1,1,1,1,1,1,1,1,1,1,1,1,1,1,1,1,1,1,1
幽玄魔眼,辅助,,,,,,,1,1,1,1,,,,,,,,,,,,,,,,,,1,1,1,1,,,,,,,,1,1,1,,1,,,,,,,1,1,,,,1,1,1,1,,,,,1,1,1,,,,,1,1,1,,1,,1,1,1,1,1,1,1,1,1,1,1,1,1,1,1,1,1,1,1,1,1,1,1,1,1,1,1,1,1,1,1,1,1,1,1,1,1,1,1,1,1,1,1,1,1,1,1,1,1,1,1,1,1
幽玄魔眼,力量,,,,,,,1,1,1,1,,,,,1,1,,,1,,,,,,,,,1,1,1,1,,,,,1,,,1,1,1,,1,,,,,,,1,1,,,,1,1,1,1,,,,,1,1,1,,,,,1,1,1,,1,,1,1,1,1,1,1,1,1,1,1,1,1,1,1,1,1,1,1,1,1,1,1,1,1,1,1,1,1,1,1,1,1,1,1,1,1,1,1,1,1,1,1,1,1,1,1,1,1,1,1,1,1,1
伊莉丝,普通,,,,,,,,,1,1,,,,,1,,,,,,,,1,,,,1,1,,,,,,,,,1,,,1,1,,,,,,,,,1,,,,,,,,,,,,,1,1,,,,1,1,1,1,1,,1,1,,,1,1,1,1,1,1,1,1,1,1,1,1,1,1,1,1,1,1,1,1,1,1,1,1,1,1,1,1,1,1,1,1,1,1,1,1,1,1,1,1,1,1,1,1,1,1,1,1,1,1,1
伊莉丝,速度,,,1,1,1,,1,1,1,1,,,,,1,,,,,,,,1,,,,1,1,,,1,,,,,1,1,,1,1,1,,,,,,,,,1,1,,1,,1,,,,,1,,,1,1,,,,1,1,1,1,1,,1,1,,1,1,1,1,1,1,1,1,1,1,1,1,1,1,1,1,1,1,1,1,1,1,1,1,1,1,1,1,1,1,1,1,1,1,1,1,1,1,1,1,1,1,1,1,1,1,1,1,1,1,1,1
伊莉丝,力量,,,1,1,1,,1,1,1,1,,,,,1,,,,,,,,1,,,,1,1,,,1,,,,,1,1,,1,1,1,,,,,,,,,1,,,,,1,,,1,,1,,,1,1,,,,1,1,1,1,1,,1,1,,1,1,1,1,1,1,1,1,1,1,1,1,1,1,1,1,1,1,1,1,1,1,1,1,1,1,1,1,1,1,1,1,1,1,1,1,1,1,1,1,1,1,1,1,1,1,1,1,1,1,1,1
萨丽艾尔,普通,,,,,,,,,1,1,,,,,,,,,,,,,,,1,,,,1,,,,,,,,,,,,,,,,,,,,,,,,,,,,,,,,,,1,1,,,,,,,,,1,,,,,1,,1,1,1,1,1,1,1,1,1,1,1,1,1,1,1,1,1,1,1,1,1,1,1,1,1,1,1,1,1,1,1,1,1,1,1,1,1,1,1,1,1,1,1,1,1,1,1,1,1
萨丽艾尔,力量,,,,,,,1,1,1,1,,,,,,,,,,,,,,,1,1,,,1,1,,,,,,,,,1,,,,1,,,1,,,,,,,,1,1,,1,,,,,,1,1,,,,,,,,,1,,,,,1,,1,1,1,1,1,1,1,1,1,1,1,1,1,1,1,1,1,1,1,1,1,1,1,1,1,1,1,1,1,1,1,1,1,1,1,1,1,1,1,1,1,1,1,1,1,1,1,1,1
萨丽艾尔,防御,,,,,,,1,1,1,1,,,,,,,,,,,,,,,1,1,,,1,,,,,,,,1,,1,,,,1,1,1,1,,,,,,,,1,1,,1,,,,,,1,1,,,,,,,,,1,,,,,1,,1,1,1,1,1,1,1,1,1,1,1,1,1,1,1,1,1,1,1,1,1,1,1,1,1,1,1,1,1,1,1,1,1,1,1,1,1,1,1,1,1,1,1,1,1,1,1,1,1
魅魔,普通,,,,,,,,,1,1,,,,,,,,,,,,,,,,,,,,,,,,,,,,,,,,,,,,,,,,,,,,,,,,,,,,,1,1,1,,,1,,,,,,,,,,1,,1,1,1,1,1,1,1,1,1,1,1,1,1,1,1,1,1,1,1,1,1,1,1,1,1,1,1,1,1,1,1,1,1,1,1,1,1,1,1,1,1,1,1,1,1,1,1,1,1
魅魔,防御,,,,,,1,1,1,1,1,,,,,,,,,,,,,,,,,,,,,,,,,,,1,,,,,,,,,,,,,,1,,1,1,1,1,1,,,,,,1,1,1,,,1,,,,,,,,,1,1,,1,1,1,1,1,1,1,1,1,1,1,1,1,1,1,1,1,1,1,1,1,1,1,1,1,1,1,1,1,1,1,1,1,1,1,1,1,1,1,1,1,1,1,1,1,1,1,1,1
魅魔,力量,,,,,,1,1,1,1,1,,1,,,,,,,,,,,,,,,,,,1,1,,,,,,,,,,,,,,,,,,,,,,,1,1,1,,,,,,,1,1,1,,,1,,,,,,,,,,1,,1,1,1,1,1,1,1,1,1,1,1,1,1,1,1,1,1,1,1,1,1,1,1,1,1,1,1,1,1,1,1,1,1,1,1,1,1,1,1,1,1,1,1,1,1,1,1,1,1
菊理,普通,,,,,,,,,1,1,,,,,,,,,1,,,1,,,1,,,,,,,,,,,1,,,,1,1,,,,,,,,,1,,,,,,,,,,,1,,1,1,1,,,,,1,1,1,1,,,,,1,1,,1,1,1,1,1,1,1,1,1,1,1,1,1,1,1,1,1,1,1,1,1,1,1,1,1,1,1,1,1,1,1,1,1,1,1,1,1,1,1,1,1,1,1,1,1,1,1,1
菊理,防御,,,,,,1,,1,1,1,,,,,,,,,1,,,1,,,1,1,,,,,,,,,1,1,1,,1,1,1,,,,,,,,1,1,,,,1,,,,,,1,1,1,1,1,1,,,,,1,1,1,1,,,,1,1,1,,1,1,1,1,1,1,1,1,1,1,1,1,1,1,1,1,1,1,1,1,1,1,1,1,1,1,1,1,1,1,1,1,1,1,1,1,1,1,1,1,1,1,1,1,1,1,1,1
菊理,力量,,,,,,1,,1,1,1,,,,,,,,,1,,,1,,,1,1,,,,,,,,,1,1,,,1,1,1,,,,,,,,1,1,,,,1,,,,,,1,1,1,1,1,1,,,,,1,1,1,1,,,,1,1,1,,1,1,1,1,1,1,1,1,1,1,1,1,1,1,1,1,1,1,1,1,1,1,1,1,1,1,1,1,1,1,1,1,1,1,1,1,1,1,1,1,1,1,1,1,1,1,1,1
矜羯罗,普通,,,,,,,,,1,1,,,,,,,,,,1,,,,,,,1,,1,,,,,,,,,,,,,,,,,,,,,,,,,,,,,,,,,,1,1,1,,,,,,,1,,,,,,1,1,1,1,1,1,1,1,1,1,1,1,1,1,1,1,1,1,1,1,1,1,1,1,1,1,1,1,1,1,1,1,1,1,1,1,1,1,1,1,1,1,1,1,1,1,1,1,1,1,1
矜羯罗,力量,1,,,,,,,1,1,1,,,1,,,,1,1,,1,,,,,,,1,,1,,,,,,1,,,,1,,,,,,,,,,1,,,,,,,1,,,1,,,,1,1,1,,,,,,,1,,,,,,1,1,1,1,1,1,1,1,1,1,1,1,1,1,1,1,1,1,1,1,1,1,1,1,1,1,1,1,1,1,1,1,1,1,1,1,1,1,1,1,1,1,1,1,1,1,1,1,1,1,1
矜羯罗,速度,1,,,,,,,1,1,1,1,1,,,,,,,,1,,,,,,,1,,1,,,,,,1,,,,1,,,1,1,,,,,,1,,,,,,,,,,,,,,1,1,1,,,,,,,1,,,,,,1,1,1,1,1,1,1,1,1,1,1,1,1,1,1,1,1,1,1,1,1,1,1,1,1,1,1,1,1,1,1,1,1,1,1,1,1,1,1,1,1,1,1,1,1,1,1,1,1,1,1
里香,普通,,,,,,,,,1,1,,,,,,,,,1,,,,,,,,,,,,,,,,,,,,,1,1,,,,,,,,,1,,1,,,,,,,,,,,1,1,1,,,1,,1,1,1,1,,,,,1,1,,1,1,1,1,1,1,1,1,1,1,1,1,1,1,1,1,1,1,1,1,1,1,1,1,1,1,1,1,1,1,1,1,1,1,1,1,1,1,1,1,1,1,1,1,1,1,1,1
里香,速度,1,,,,1,,,1,1,1,1,,,,,,1,,1,,,,,,,,,,,,,,,,,,,,1,1,1,1,1,,,,,,1,1,,1,1,,,,,1,,,,,1,1,1,,1,1,,1,1,1,1,,,,,1,1,,1,1,1,1,1,1,1,1,1,1,1,1,1,1,1,1,1,1,1,1,1,1,1,1,1,1,1,1,1,1,1,1,1,1,1,1,1,1,1,1,1,1,1,1,1,1,1,1
里香,力量,1,,,,1,,,1,1,1,,,,,,,1,,1,,,,,,,,,,,,,,,,,,,,1,1,1,,,,,,,,1,1,1,1,1,,,,,1,,,,,1,1,1,,,1,,1,1,1,1,,,,,1,1,,1,1,1,1,1,1,1,1,1,1,1,1,1,1,1,1,1,1,1,1,1,1,1,1,1,1,1,1,1,1,1,1,1,1,1,1,1,1,1,1,1,1,1,1,1,1,1,1
明罗,普通,,,,,,,,,1,1,,,,,,,,,,1,,,,,,,,,1,,,,,1,,,,,,1,1,,,,,,,,,,,,,,,,,,,,,,1,1,1,1,,,1,1,1,1,,,,,,1,1,1,1,1,1,1,1,1,1,1,1,1,1,1,1,1,1,1,1,1,1,1,1,1,1,1,1,1,1,1,1,1,1,1,1,1,1,1,1,1,1,1,1,1,1,1,1,1,1,1
明罗,力量,,,,1,,,1,1,1,1,,,,,,,,,,1,,,,,,,,,1,1,1,1,,1,,,,,1,1,1,,,,,,,,,,,,,,1,1,,,,,,,1,1,1,1,,,1,1,1,1,,,,,,1,1,1,1,1,1,1,1,1,1,1,1,1,1,1,1,1,1,1,1,1,1,1,1,1,1,1,1,1,1,1,1,1,1,1,1,1,1,1,1,1,1,1,1,1,1,1,1,1,1,1
明罗,速度,,,,1,,,1,1,1,1,,,,,,,,,,1,,,,,,,,,1,1,1,1,,1,,,,1,1,1,1,,,,,,,,,,,,,,1,1,,,,,,,1,1,1,1,,,1,1,1,1,,,,,,1,1,1,1,1,1,1,1,1,1,1,1,1,1,1,1,1,1,1,1,1,1,1,1,1,1,1,1,1,1,1,1,1,1,1,1,1,1,1,1,1,1,1,1,1,1,1,1,1,1,1
爱莲,普通,,,,,,,,,1,1,,,,,,,,,,,,1,1,1,,,,,,,,,,,,,,,1,1,1,,,,,,,,,1,,1,,,,,,,,,,,1,1,1,1,,,,1,1,1,,,1,,,1,1,1,1,1,1,1,1,1,1,1,1,1,1,1,1,1,1,1,1,1,1,1,1,1,1,1,1,1,1,1,1,1,1,1,1,1,1,1,1,1,1,1,1,1,1,1,1,1,1,1
爱莲,力量,,,,,1,1,1,1,1,1,,,,,,,,,,,,1,1,1,,,,1,,1,,,,,,,,,1,1,1,1,1,1,1,,,,,1,1,1,1,,,,,,,1,,,1,1,1,1,,,,1,1,1,,,1,,,1,1,1,1,1,1,1,1,1,1,1,1,1,1,1,1,1,1,1,1,1,1,1,1,1,1,1,1,1,1,1,1,1,1,1,1,1,1,1,1,1,1,1,1,1,1,1,1,1,1,1
爱莲,速度,,,,,1,1,1,1,1,1,,,,,,,,,,,,1,1,1,,,1,,,,,,,,,,,,1,1,1,,,,,1,1,,1,1,1,1,1,,,,,,,1,,,1,1,1,1,,,,1,1,1,1,,1,,,1,1,1,1,1,1,1,1,1,1,1,1,1,1,1,1,1,1,1,1,1,1,1,1,1,1,1,1,1,1,1,1,1,1,1,1,1,1,1,1,1,1,1,1,1,1,1,1,1,1,1
小兔姬,普通,,,,,,,,,1,1,,,,,,,,,,,,1,,,1,,,,,,,,,,,,,,,1,1,,,,,,,,,,,,,,,,,,,,,,1,1,1,1,,,1,1,1,1,,1,,,,1,1,1,1,1,1,1,1,1,1,1,1,1,1,1,1,1,1,1,1,1,1,1,1,1,1,1,1,1,1,1,1,1,1,1,1,1,1,1,1,1,1,1,1,1,1,1,1,1,1,1
小兔姬,辅助,,,,,,,,1,1,1,,,,,,,,,,,,1,,,1,,,,,,,,,,,,,1,1,1,1,,,,,,,,,,,,,,,,,,,1,,1,1,1,1,1,,,1,1,1,1,,1,,,1,1,1,1,1,1,1,1,1,1,1,1,1,1,1,1,1,1,1,1,1,1,1,1,1,1,1,1,1,1,1,1,1,1,1,1,1,1,1,1,1,1,1,1,1,1,1,1,1,1,1,1
小兔姬,防御,,,,,,,,1,1,1,,,,,,,,,,,,1,,,1,,,,,,,,,,,,,1,1,1,1,,,,,,,,,,,,,,,,,,,1,,1,1,1,1,1,,,1,1,1,1,,1,,,1,1,1,1,1,1,1,1,1,1,1,1,1,1,1,1,1,1,1,1,1,1,1,1,1,1,1,1,1,1,1,1,1,1,1,1,1,1,1,1,1,1,1,1,1,1,1,1,1,1,1,1
卡娜,普通,,,,,,,,,1,1,,,,,,,,,,,,,,,,,1,,,,,,,,,,,,,1,1,,,,,,,,,1,,,,,,,,,,,,,1,1,1,,,1,1,1,1,1,1,1,,1,,1,1,1,1,1,1,1,1,1,1,1,1,1,1,1,1,1,1,1,1,1,1,1,1,1,1,1,1,1,1,1,1,1,1,1,1,1,1,1,1,1,1,1,1,1,1,1,1,1,1,1
卡娜,辅助,,1,1,1,,,1,1,1,1,,,,,,,,,,,,,,,,,1,,,1,1,,,,,1,1,1,1,1,1,,,,,,,,,1,,,,,1,1,1,,,,,1,1,1,1,,,1,1,1,1,1,1,1,,1,,1,1,1,1,1,1,1,1,1,1,1,1,1,1,1,1,1,1,1,1,1,1,1,1,1,1,1,1,1,1,1,1,1,1,1,1,1,1,1,1,1,1,1,1,1,1,1,1,1,1,1
卡娜,力量,,1,1,1,,,1,1,1,1,,,,1,,,,,,1,,,,,,,1,,,,1,,,,,1,1,1,1,1,1,,,,,,,,,1,,,,,1,1,1,,,,,1,1,1,1,,,1,1,1,1,1,1,1,,1,,1,1,1,1,1,1,1,1,1,1,1,1,1,1,1,1,1,1,1,1,1,1,1,1,1,1,1,1,1,1,1,1,1,1,1,1,1,1,1,1,1,1,1,1,1,1,1,1,1,1,1
理香子,普通,,,,,,,,,1,,,,,,,,,,,,,,,,,,,,,,,,,,,,,,1,1,1,,,,,,,,,1,,1,,,,,,,,,1,,1,1,,,,,1,1,1,1,,1,,,,1,1,1,1,1,1,1,1,1,1,1,1,1,1,1,1,1,1,1,1,1,1,1,1,1,1,1,1,1,1,1,1,1,1,1,1,1,1,1,1,1,1,1,1,1,1,1,1,1,1,1
理香子,力量,,,,,1,,,1,1,,,,,,,,,,,,,,,,,,,,,,,,,,,,,,1,1,1,1,1,,,,,,1,1,1,1,1,1,,,,,,,1,,1,1,,,,,1,1,1,1,,1,,,,1,1,1,1,1,1,1,1,1,1,1,1,1,1,1,1,1,1,1,1,1,1,1,1,1,1,1,1,1,1,1,1,1,1,1,1,1,1,1,1,1,1,1,1,1,1,1,1,1,1,1
理香子,速度,,,,,1,,,1,1,,,,,,,,,,,,,,,,,,,,,,,,,,,,,,1,1,1,,,1,1,,,1,1,1,,1,,1,,,,,,,1,,1,1,,,,,1,1,1,1,,1,,,,1,1,1,1,1,1,1,1,1,1,1,1,1,1,1,1,1,1,1,1,1,1,1,1,1,1,1,1,1,1,1,1,1,1,1,1,1,1,1,1,1,1,1,1,1,1,1,1,1,1,1
千百合,普通,,,,,,,,,1,1,,,,,,,,1,,1,,,,1,1,,,,,,,,,1,,,,,,,,,,,,,,,,1,,1,,1,,,,,,,1,,1,1,1,,,1,1,1,1,1,,,,,,1,1,1,1,1,1,1,1,1,1,1,1,1,1,1,1,1,1,1,1,1,1,1,1,1,1,1,1,1,1,1,1,1,1,1,1,1,1,1,1,1,1,1,1,1,1,1,1,1,1,1
千百合,防御,,1,,,1,1,,1,1,1,,,1,,,,,1,1,1,,,,1,1,,,,,,,1,,1,,,,,1,,,,,1,1,,,,1,1,1,1,1,1,,,,,1,,1,,1,1,1,,,1,1,1,1,1,,,,,,1,1,1,1,1,1,1,1,1,1,1,1,1,1,1,1,1,1,1,1,1,1,1,1,1,1,1,1,1,1,1,1,1,1,1,1,1,1,1,1,1,1,1,1,1,1,1,1,1,1,1
千百合,速度,,1,,,1,1,,,1,1,,,1,,,1,1,1,,1,,,,1,1,1,,,,,,,,1,,,,,1,,,,,1,1,,,,1,1,,1,,1,,,,,,,1,,1,1,1,,,1,1,1,1,1,,,,,,1,1,1,1,1,1,1,1,1,1,1,1,1,1,1,1,1,1,1,1,1,1,1,1,1,1,1,1,1,1,1,1,1,1,1,1,1,1,1,1,1,1,1,1,1,1,1,1,1,1,1
梦美,普通,,,,,,,,,1,1,,,,,,,,,,,,,,1,,,,,,,,,,,,,,,,,,,,,,,,,,1,,1,,,,,,,,,1,,1,1,,,,,1,1,1,,1,,,,,1,1,,1,1,1,1,1,1,1,1,1,1,1,1,1,1,1,1,1,1,1,1,1,1,1,1,1,1,1,1,1,1,1,1,1,1,1,1,1,1,1,1,1,1,1,1,1,1,1,1
梦美,力量,1,1,,,1,,,1,1,1,,,1,,,,,,,,,,,1,,1,,,,,,,,,,,,,1,,,,1,1,,,,,,1,,1,,1,,,,,,,1,,1,1,,,,,1,1,1,,1,,,,,1,1,,1,1,1,1,1,1,1,1,1,1,1,1,1,1,1,1,1,1,1,1,1,1,1,1,1,1,1,1,1,1,1,1,1,1,1,1,1,1,1,1,1,1,1,1,1,1,1,1
梦美,速度,1,1,,,1,,,1,1,1,1,1,,,,,,,,,,,,1,,,,,,,,,,,,,,,1,,1,1,,,,,,,,1,1,1,1,1,,,,,,,1,,1,1,,,,,1,1,1,,1,,,,,1,1,,1,1,1,1,1,1,1,1,1,1,1,1,1,1,1,1,1,1,1,1,1,1,1,1,1,1,1,1,1,1,1,1,1,1,1,1,1,1,1,1,1,1,1,1,1,1,1,1
咪咪号＆留琴,普通,,,,,,,,,1,1,,,,,,,,,,,,,,1,,,,,,,,,,,,,,,,,,,,,,,,,,1,,,,,,,,,,,,,1,1,1,,,,,1,1,1,,,,,,1,1,,1,1,1,1,1,1,1,1,1,1,1,1,1,1,1,1,1,1,1,1,1,1,1,1,1,1,1,1,1,1,1,1,1,1,1,1,1,1,1,1,1,1,1,1,1,1,1,1
咪咪号＆留琴,辅助,1,,,,,,,1,1,1,1,,,,,,,,,,,1,,1,,,,,,,,,,,,,,,,,,,,,,,,,,1,,,,,,,,,,,,,1,1,1,,,,,1,1,1,,,,,1,1,1,,1,1,1,1,1,1,1,1,1,1,1,1,1,1,1,1,1,1,1,1,1,1,1,1,1,1,1,1,1,1,1,1,1,1,1,1,1,1,1,1,1,1,1,1,1,1,1,1
咪咪号＆留琴,力量,1,,,,,,,1,1,1,1,1,,,,,,,,,,,,1,,,,,,,,,,,,,,,,,,,,,,,,,,1,,,,,,,,,,,,,1,1,1,,,,,1,1,1,,,,,,1,1,,1,1,1,1,1,1,1,1,1,1,1,1,1,1,1,1,1,1,1,1,1,1,1,1,1,1,1,1,1,1,1,1,1,1,1,1,1,1,1,1,1,1,1,1,1,1,1,1
奥莲姬,普通,,,,,,,,,1,1,,,,,,,,,,,,,,,,,,,,,,,,,,,,,1,,,,,,,,,,,,,,,,,,,,,,,,1,1,1,,,,,1,1,1,1,,,,,1,,,1,1,1,1,1,1,1,1,1,1,1,1,1,1,1,1,1,1,1,1,1,1,1,1,1,1,1,1,1,1,1,1,1,1,1,1,1,1,1,1,1,1,1,1,1,1,1,1
奥莲姬,防御,,,,,,1,,1,1,1,,,,,,,,,,,,,,,,,,,,,,,,,,1,1,,1,,,1,1,1,1,,,,,,1,,1,1,,1,,,1,1,,1,1,1,1,,,,,1,1,1,1,,,,1,1,,,1,1,1,1,1,1,1,1,1,1,1,1,1,1,1,1,1,1,1,1,1,1,1,1,1,1,1,1,1,1,1,1,1,1,1,1,1,1,1,1,1,1,1,1,1,1,1,1
奥莲姬,力量,,,,,,1,,1,1,1,,,,,,,,,,,,,,,,,,,,,,,,,,1,1,,1,,,,,,,,,,,,,,,,,,,,,,,,1,1,1,,,,,1,1,1,1,,,,1,1,,,1,1,1,1,1,1,1,1,1,1,1,1,1,1,1,1,1,1,1,1,1,1,1,1,1,1,1,1,1,1,1,1,1,1,1,1,1,1,1,1,1,1,1,1,1,1,1,1
胡桃,普通,,,,,,,,,1,1,,,,,,,,,,,,,1,,,,,,,,,,,,,,1,,,1,1,,,,,,,,,1,,,,,1,,,,,,,,1,1,,,,,1,1,1,1,,,,,,1,1,,1,1,1,1,1,1,1,1,1,1,1,1,1,1,1,1,1,1,1,1,1,1,1,1,1,1,1,1,1,1,1,1,1,1,1,1,1,1,1,1,1,1,1,1,1,1,1,1
胡桃,力量,,,,1,,,1,1,1,1,,,,1,,,,,,,,,1,,,,,1,,,,,,,,,1,,1,1,1,1,1,,,,,,,1,,,,,1,,,,1,,,,1,1,,,,,1,1,1,1,,,,,,1,1,,1,1,1,1,1,1,1,1,1,1,1,1,1,1,1,1,1,1,1,1,1,1,1,1,1,1,1,1,1,1,1,1,1,1,1,1,1,1,1,1,1,1,1,1,1,1,1,1
胡桃,辅助,,,,1,,,1,1,1,1,,,,,,,,,,,,,1,,,,1,1,,,1,,,,,,1,,1,1,1,1,1,,1,,,,,1,,,,,1,1,1,1,,,,,1,1,,,,,1,1,1,1,,1,,,1,1,1,,1,1,1,1,1,1,1,1,1,1,1,1,1,1,1,1,1,1,1,1,1,1,1,1,1,1,1,1,1,1,1,1,1,1,1,1,1,1,1,1,1,1,1,1,1,1,1,1
艾丽,普通,,,,,,,,,1,1,,,,,,,,1,,1,,1,,,,,,,,,,,,,,,,,,1,1,,,,,,,,,1,,,,,,,,,,,,,1,1,,,,,1,,,1,,,,,,1,,1,1,1,1,1,1,1,1,1,1,1,1,1,1,1,1,1,1,1,1,1,1,1,1,1,1,1,1,1,1,1,1,1,1,1,1,1,1,1,1,1,1,1,1,1,1,1,1,1
艾丽,力量,,,,1,,,,1,1,1,,,,,,,,1,,1,,1,1,,,,,,,,,,,,,,,,1,1,1,,,,,,,,1,1,,,,,,,,,1,,,,1,1,,,,,1,,,1,,,,,,1,,1,1,1,1,1,1,1,1,1,1,1,1,1,1,1,1,1,1,1,1,1,1,1,1,1,1,1,1,1,1,1,1,1,1,1,1,1,1,1,1,1,1,1,1,1,1,1,1,1
艾丽,防御,,,,1,,,,1,1,1,,,,,,1,1,1,,1,,1,,,,,,,,,,,,,,,,1,1,1,1,,,,,,,1,1,1,,,,,,,,,1,,,,1,1,1,,,,1,,,1,,,,,1,1,,1,1,1,1,1,1,1,1,1,1,1,1,1,1,1,1,1,1,1,1,1,1,1,1,1,1,1,1,1,1,1,1,1,1,1,1,1,1,1,1,1,1,1,1,1,1,1,1,1
幽香,普通,,,1,,,,,,1,1,,,,,1,,,1,,,,,,,,,,,,,,,,,,,,,,,,,,,,,,,,,,,,,,,,,,,,,1,1,1,,,,,,,1,,,,,,1,,1,1,1,1,1,1,1,1,1,1,1,1,1,1,1,1,1,1,1,1,1,1,1,1,1,1,1,1,1,1,1,1,1,1,1,1,1,1,1,1,1,1,1,1,1,1,1,1,1
幽香,力量,,,1,,1,1,1,,1,1,,,,1,1,,1,1,1,,,,,,,,,,,,1,,,1,,,,,1,,,,1,1,,1,1,,,,1,,,,,,,,1,,,,1,1,1,,,,,,,1,,,,,,1,,1,1,1,1,1,1,1,1,1,1,1,1,1,1,1,1,1,1,1,1,1,1,1,1,1,1,1,1,1,1,1,1,1,1,1,1,1,1,1,1,1,1,1,1,1,1,1,1,1
幽香,防御,,,1,,1,1,1,,1,1,,,,1,1,,1,1,1,,,,,,,,,,,,,,,1,,,,,1,,,,,,,1,1,1,,,,,,,,,,,1,,,,1,1,1,,,,,,,1,,,,,,1,,1,1,1,1,1,1,1,1,1,1,1,1,1,1,1,1,1,1,1,1,1,1,1,1,1,1,1,1,1,1,1,1,1,1,1,1,1,1,1,1,1,1,1,1,1,1,1,1,1
梦月,普通,,,,,,,,,1,1,,,,,,,,,,,,,1,,1,1,,,1,,,,,,,,,,,,,,,,,,,,,,,,,,,,,,,,,,1,1,,1,,1,,,1,1,1,,,,,1,,,1,1,1,1,1,1,1,1,1,1,1,1,1,1,1,1,1,1,1,1,1,1,1,1,1,1,1,1,1,1,1,1,1,1,1,1,1,1,1,1,1,1,1,1,1,1,1,1
梦月,力量,,,,1,,,1,1,1,1,,,1,,,,1,,,,,,1,,1,1,,,1,,,,,,,1,,,1,,,1,1,,,,,,,,,,,1,,,,,,1,,,1,1,,1,,1,,,1,1,1,,,,,1,,,1,1,1,1,1,1,1,1,1,1,1,1,1,1,1,1,1,1,1,1,1,1,1,1,1,1,1,1,1,1,1,1,1,1,1,1,1,1,1,1,1,1,1,1,1,1,1,1
梦月,辅助,,,,1,,,1,1,1,1,,,1,,,,1,,,,,,1,,1,1,,,1,,,,,,,1,,,1,,,,,,,,1,,,,,,,1,,,,,,1,,1,1,1,,1,1,1,,,1,1,1,,,,,1,,,1,1,1,1,1,1,1,1,1,1,1,1,1,1,1,1,1,1,1,1,1,1,1,1,1,1,1,1,1,1,1,1,1,1,1,1,1,1,1,1,1,1,1,1,1,1,1,1
幻月,普通,,,,,,,,,1,1,,,,,,,,,,,,,,,,,,,1,,,,,,,,,,,1,1,,,,,,,,,,,,,,,,,,,,,,1,1,,,,,1,,,,,,,,,1,,1,1,1,1,1,1,1,1,1,1,1,1,1,1,1,1,1,1,1,1,1,1,1,1,1,1,1,1,1,1,1,1,1,1,1,1,1,1,1,1,1,1,1,1,1,1,1,1,1
幻月,力量,,,,1,,1,,1,1,1,,1,,,,,,,,,1,,,,,1,,,1,,,,,,,1,,,1,1,1,,,,,,,,,,,,,1,,,,,,,,,1,1,,,,,1,,,,,,,,,1,1,1,1,1,1,1,1,1,1,1,1,1,1,1,1,1,1,1,1,1,1,1,1,1,1,1,1,1,1,1,1,1,1,1,1,1,1,1,1,1,1,1,1,1,1,1,1,1,1,1
幻月,速度,,,,1,,1,,1,1,1,,,,,,,,,,,,,,,,1,,,1,,,,,,,1,,,1,1,1,,1,,,1,,,,,,,,1,,1,,,,1,,,1,1,,,,,1,,,,,,,,,1,,1,1,1,1,1,1,1,1,1,1,1,1,1,1,1,1,1,1,1,1,1,1,1,1,1,1,1,1,1,1,1,1,1,1,1,1,1,1,1,1,1,1,1,1,1,1,1,1,1
萨拉,普通,,,,,,,,,1,1,,,,,,,,1,,,,,,,1,,,,,,,,,1,,,,,,1,1,,,,,,,,,1,,1,,,,,,,,,,,1,1,1,,,1,,1,1,1,,,,,,1,1,,1,1,1,1,1,1,1,1,1,1,1,1,1,1,1,1,1,1,1,1,1,1,1,1,1,1,1,1,1,1,1,1,1,1,1,1,1,1,1,1,1,1,1,1,1,1,1,1
萨拉,防御,1,,,,,1,,1,1,1,1,1,,,,1,1,1,1,,,,,,1,,,,,,,1,1,1,1,1,,,1,1,1,,1,,,,,,,1,,1,,,,,,,,,,,1,1,1,,1,1,,1,1,1,,,,,,1,1,,1,1,1,1,1,1,1,1,1,1,1,1,1,1,1,1,1,1,1,1,1,1,1,1,1,1,1,1,1,1,1,1,1,1,1,1,1,1,1,1,1,1,1,1,1,1,1,1
萨拉,速度,1,,,,,1,,1,1,1,,,,,,1,1,1,,,,,,,1,,,,,,,1,1,1,,,,,1,1,1,,,,,,,,,1,,1,,,,,,,,,,,1,1,1,,,1,,1,1,1,,,,,,1,1,,1,1,1,1,1,1,1,1,1,1,1,1,1,1,1,1,1,1,1,1,1,1,1,1,1,1,1,1,1,1,1,1,1,1,1,1,1,1,1,1,1,1,1,1,1,1,1,1
露易兹,普通,,,,,,,,,1,1,,,,,1,,,1,,,,1,1,1,1,,,,,,,,,,,,,,,1,1,,,,,,,,,1,,1,,,,,,,,,,,1,1,1,1,,,1,1,1,1,1,1,,,,1,1,,1,1,1,1,1,1,1,1,1,1,1,1,1,1,1,1,1,1,1,1,1,1,1,1,1,1,1,1,1,1,1,1,1,1,1,1,1,1,1,1,1,1,1,1,1,1,1,1
露易兹,防御,,,,1,1,1,,1,1,1,,,,,1,,,1,,,1,1,1,1,1,,,,,,1,,,,,,,,1,1,1,1,1,,,,,,,1,1,1,,,,,,,1,,,1,1,1,1,1,,,1,1,1,1,1,1,,,1,1,1,,1,1,1,1,1,1,1,1,1,1,1,1,1,1,1,1,1,1,1,1,1,1,1,1,1,1,1,1,1,1,1,1,1,1,1,1,1,1,1,1,1,1,1,1,1,1,1,1
露易兹,辅助,,,,1,1,1,,1,1,1,,,,,1,,,1,,,,1,1,1,1,,,,,,,,,,,,,,1,1,1,,,,,,,,,1,,1,,,,,,1,1,,,1,1,1,1,1,1,,1,1,1,1,1,1,,,,1,1,,1,1,1,1,1,1,1,1,1,1,1,1,1,1,1,1,1,1,1,1,1,1,1,1,1,1,1,1,1,1,1,1,1,1,1,1,1,1,1,1,1,1,1,1,1,1,1,1
爱丽丝,普通,,,,,,,,,1,1,,,,,,,,,,1,,,,,,,,,,,,,,,,,1,,,1,1,,,,,,,,,1,,,,,,,,,,,,,1,1,1,1,,,1,1,1,1,,,,,,1,1,1,1,1,1,1,1,1,1,1,1,1,1,1,1,1,1,1,1,1,1,1,1,1,1,1,1,1,1,1,1,1,1,1,1,1,1,1,1,1,1,1,1,1,1,1,1,1,1,1
爱丽丝,力量,,,,,,1,,1,1,1,,,,,,,,,1,1,,,,,,1,,,,,,,,,,,1,,1,1,1,,,,,,1,,1,1,,,1,1,,,,,,,,,1,1,1,1,,,1,1,1,1,,,1,,,1,1,1,1,1,1,1,1,1,1,1,1,1,1,1,1,1,1,1,1,1,1,1,1,1,1,1,1,1,1,1,1,1,1,1,1,1,1,1,1,1,1,1,1,1,1,1,1,1,1,1
爱丽丝,防御,,,,,,1,,1,1,1,,,,,,,,,1,1,,,,,,,,1,,,,,,,,1,1,,1,1,1,,,,,,1,,1,1,,,,1,,,,,,1,1,,1,1,1,1,,,1,1,1,1,,,1,,1,1,1,1,1,1,1,1,1,1,1,1,1,1,1,1,1,1,1,1,1,1,1,1,1,1,1,1,1,1,1,1,1,1,1,1,1,1,1,1,1,1,1,1,1,1,1,1,1,1,1,1
雪,普通,,,,,,,,,1,1,,,,,1,,,,,,,,,,,,1,,,,,,,,,,1,,,1,1,,,,,,,,,1,,,,,,,,,,,,,1,1,1,,1,1,1,1,1,1,,,,,,1,1,1,1,1,1,1,1,1,1,1,1,1,1,1,1,1,1,1,1,1,1,1,1,1,1,1,1,1,1,1,1,1,1,1,1,1,1,1,1,1,1,1,1,1,1,1,1,1,1,1
雪,速度,1,,1,,,1,,1,1,1,1,1,,1,1,,,,,,,,,,,,1,,,,,,,,,,1,,1,1,1,1,1,,,1,1,,,1,,,,1,,,1,,,,,1,1,1,1,,1,1,1,1,1,1,,,,,,1,1,1,1,1,1,1,1,1,1,1,1,1,1,1,1,1,1,1,1,1,1,1,1,1,1,1,1,1,1,1,1,1,1,1,1,1,1,1,1,1,1,1,1,1,1,1,1,1,1,1
雪,力量,1,1,1,,,1,,1,1,1,1,1,1,,1,,,,,,,,,,,,1,,,,,,,,,,1,,1,1,1,1,1,1,1,,,,,1,,,,,,,1,,,,,,1,1,1,,1,1,1,1,1,1,,,,,,1,1,1,1,1,1,1,1,1,1,1,1,1,1,1,1,1,1,1,1,1,1,1,1,1,1,1,1,1,1,1,1,1,1,1,1,1,1,1,1,1,1,1,1,1,1,1,1,1,1,1
舞,普通,,,,,,,,,1,1,,,,,,,,1,,,,,,,,,1,,1,,,,,,,,,1,,1,1,,,,,,,,,1,,,,,,,,,,,,,1,1,1,,,1,1,1,1,1,,1,,,,1,1,1,1,1,1,1,1,1,1,1,1,1,1,1,1,1,1,1,1,1,1,1,1,1,1,1,1,1,1,1,1,1,1,1,1,1,1,1,1,1,1,1,1,1,1,1,1,1,1,1
舞,力量,,1,,,,,1,1,1,1,,,1,,,1,,1,,,,,,,,,1,,1,,,,,,,,,1,1,1,1,,,1,1,,,,,1,,,,,1,,,,,,,,1,1,1,,,1,1,1,1,1,,1,,,1,1,1,1,1,1,1,1,1,1,1,1,1,1,1,1,1,1,1,1,1,1,1,1,1,1,1,1,1,1,1,1,1,1,1,1,1,1,1,1,1,1,1,1,1,1,1,1,1,1,1,1
舞,防御,1,1,,,,,1,1,1,1,1,1,1,,,1,,1,,,,,,,,,1,1,1,,,,,,,,,1,1,1,1,,,1,1,,,,,1,,,,,1,,,,,1,,,1,1,1,,1,1,1,1,1,1,,1,,,,1,1,1,1,1,1,1,1,1,1,1,1,1,1,1,1,1,1,1,1,1,1,1,1,1,1,1,1,1,1,1,1,1,1,1,1,1,1,1,1,1,1,1,1,1,1,1,1,1,1,1
梦子,普通,,,,,,,,,1,1,,,,,,,,,,,,,,,,,,,,,,,,1,1,,,,,,,,,,,,,,,,,,,,,,,,,,,,1,1,1,,,,,,,1,,,,,,1,1,1,1,1,1,1,1,1,1,1,1,1,1,1,1,1,1,1,1,1,1,1,1,1,1,1,1,1,1,1,1,1,1,1,1,1,1,1,1,1,1,1,1,1,1,1,1,1,1,1
梦子,力量,1,,,,,,,1,1,1,,,,,,1,,,,1,,,,,,,,,,,,,,1,1,,,,1,,,,,,,,,,1,,,,,,,,,,,,,,1,1,1,,,,,,,1,,,,,,1,1,1,1,1,1,1,1,1,1,1,1,1,1,1,1,1,1,1,1,1,1,1,1,1,1,1,1,1,1,1,1,1,1,1,1,1,1,1,1,1,1,1,1,1,1,1,1,1,1,1
梦子,速度,1,,,,,,,,1,1,,,,,,,,,,1,,,,,,,1,,,,,,,1,1,,1,,1,,,,,,,,,,1,,,,,,,,,,,,,,1,1,1,,,,,,,1,,,,,,1,1,1,1,1,1,1,1,1,1,1,1,1,1,1,1,1,1,1,1,1,1,1,1,1,1,1,1,1,1,1,1,1,1,1,1,1,1,1,1,1,1,1,1,1,1,1,1,1,1,1
神绮,普通,,,,,,,,,1,1,,,,,,,,,,,,,,,1,,,,1,,,,,,,,,,1,,,,,,,,,,,,,,,,,,,,,,1,,1,1,,,,,,,,,,,,,,1,,1,1,1,1,1,1,1,1,1,1,1,1,1,1,1,1,1,1,1,1,1,1,1,1,1,1,1,1,1,1,1,1,1,1,1,1,1,1,1,1,1,1,1,1,1,1,1,1,1
神绮,力量,,,1,,,1,1,1,1,1,,1,,,,,1,,,,,,,,1,,,,1,,,,,,,1,,,1,,,,1,,,,,,,,1,,,,1,,,,,1,1,1,1,1,,,,,,,,,,,,,,1,,1,1,1,1,1,1,1,1,1,1,1,1,1,1,1,1,1,1,1,1,1,1,1,1,1,1,1,1,1,1,1,1,1,1,1,1,1,1,1,1,1,1,1,1,1,1,1,1,1
神绮,速度,,,,,,1,1,1,1,1,,1,,,,,1,,,,,,,,1,1,,,1,,,,,,,1,,,1,,,,,,,,,,,,,,,1,,,,,,1,1,,1,1,,,,,,,,,,,,,,1,,1,1,1,1,1,1,1,1,1,1,1,1,1,1,1,1,1,1,1,1,1,1,1,1,1,1,1,1,1,1,1,1,1,1,1,1,1,1,1,1,1,1,1,1,1,1,1,1,1
露米娅,普通,,,,,,,,,1,1,,,,,1,,,,,,,1,,,,,1,,1,,,,,,,,,,,1,1,,,,,,,,,1,,,,,,,,,,,,,1,1,1,,,1,1,1,1,1,,1,1,,,1,1,,1,1,1,1,1,1,1,1,1,1,1,1,1,1,1,1,1,1,1,1,1,1,1,1,1,1,1,1,1,1,1,1,1,1,1,1,1,1,1,1,1,1,1,1,1,1,1,1
露米娅,防御,1,,,,,,1,1,1,1,,,,,1,,,,,,,1,,,,,1,1,1,,1,1,,,,,,,1,1,1,,,,,,,,,1,,,,,1,,,,,,,,1,1,1,,1,1,1,1,1,1,,1,1,,,1,1,,1,1,1,1,1,1,1,1,1,1,1,1,1,1,1,1,1,1,1,1,1,1,1,1,1,1,1,1,1,1,1,1,1,1,1,1,1,1,1,1,1,1,1,1,1,1,1,1
露米娅,力量,1,,,,,,1,1,1,1,1,,,,1,,,,,,,1,,,,,1,1,1,,1,,,,,,,,1,1,1,1,,,,,,,,1,,,,,1,1,,,,1,,,1,1,1,,1,1,1,1,1,1,,1,1,,,1,1,,1,1,1,1,1,1,1,1,1,1,1,1,1,1,,,,,,,,,,,,,,,,,,,,,,,,,,,,,,,,,,
大妖精,普通,,,,,,,,,1,1,,,,,1,,,1,,,,1,1,1,1,,1,,,,,,,,,,,,,1,1,,,,,,,,,1,,,,,,,,,,,,,1,1,1,1,,,1,1,1,1,1,1,,,,1,1,,1,1,1,1,1,1,1,1,1,1,1,1,1,1,1,1,1,1,1,1,1,1,1,1,1,1,1,1,1,1,1,1,1,1,1,1,1,1,1,1,1,1,1,1,1,1,1,1
大妖精,防御,,,1,1,,1,,1,1,1,,,1,1,1,,,1,,,,1,1,1,1,1,1,,,,,,,,,,,,1,1,1,,,,1,1,1,,1,1,,,,1,,,,,,,,1,1,1,1,1,,,1,1,1,1,1,1,,,1,1,1,,1,1,1,1,1,1,1,1,1,1,1,1,1,1,1,1,1,1,1,1,1,1,1,1,1,1,1,1,1,1,1,1,1,1,1,1,1,1,1,1,1,1,1,1,1,1,1,1
大妖精,速度,,,1,1,,1,,1,1,1,,,1,1,1,,,1,,,,1,1,1,1,1,1,,,,,,,,,,,,1,1,1,,,,,1,1,,,1,,,,,,,,,,,,,1,1,1,1,,,1,1,1,1,1,1,,,,1,1,,1,1,1,1,1,1,1,1,1,1,1,1,1,1,1,1,1,1,1,1,1,1,1,1,1,1,1,1,1,1,1,1,1,1,1,1,1,1,1,1,1,1,1,1,1,1,1,1
琪露诺,普通,,,,,,,,,1,1,,,,,1,,,,,,,,,,,,,,,,,,,1,,,,,,,,,,,,,,,,1,,1,,,,,,,,,,,1,1,1,1,,1,1,1,1,1,,1,,,,1,1,1,1,1,1,1,1,1,1,1,1,1,1,1,1,1,1,1,1,1,1,1,1,1,1,1,1,1,1,1,1,1,1,1,1,1,1,1,1,1,1,1,1,1,1,1,1,1,1,1
琪露诺,辅助,,,1,1,,1,,1,1,1,,,,,1,,,,,,,,,,,,,,,,,,,1,,,,,1,,,,1,1,1,,1,,,1,,1,,,,,,,,,1,,1,1,1,1,,1,1,1,1,1,,1,,,1,1,1,1,1,1,1,1,1,1,1,1,1,1,1,1,1,1,1,1,1,1,1,1,1,1,1,1,1,1,1,1,1,1,1,1,1,1,1,1,1,1,1,1,1,1,1,1,1,1,1,1
琪露诺,力量,,,1,1,,1,,1,1,1,,,,1,1,,,,,,,,,,,,,,,,,1,1,1,,,,,1,,,,,1,1,1,1,,,1,,1,,,,,,,,,,,1,1,1,1,,1,1,1,1,1,,1,,,1,1,1,1,1,1,1,1,1,1,1,1,1,1,1,1,1,1,1,1,1,1,1,1,1,1,1,1,1,1,1,1,1,1,1,1,1,1,1,1,1,1,1,1,1,1,1,1,1,1,1,1
美铃,普通,,,,,,,,,1,1,,,,,,,,1,1,,,,,,1,,,,,,,,1,1,1,,,,,,,,,,,,,,,,,,,,,,,,,,,,1,1,1,,,,,1,1,1,,,,,,1,1,,1,1,1,1,1,1,1,1,1,1,1,1,1,1,1,1,1,1,1,1,1,1,1,1,1,1,1,1,1,1,1,1,1,1,1,1,1,1,1,1,1,1,1,1,1,1,1,1
美铃,速度,,,,,,1,,1,1,1,,,,,,1,1,1,1,,,,,,1,,1,,,,,1,1,1,1,,,,1,,,,,,,,,,,,,,,,,,,,1,,,,1,1,1,,,,,1,1,1,,,,,,1,1,,1,1,1,1,1,1,1,1,1,1,1,1,1,1,1,1,1,1,1,1,1,1,1,1,1,1,1,1,1,1,1,1,1,1,1,1,1,1,1,1,1,1,1,1,1,1,1,1
美铃,防御,,,,,,1,,1,1,1,,,,,,1,1,1,1,,,,,,1,,,,,,,,1,1,1,,,,1,,,,,,,,,,,,,,,,,,,,1,,,,1,1,1,,,,,1,1,1,,,,,1,1,1,,1,1,1,1,1,1,1,1,1,1,1,1,1,1,1,1,1,1,1,1,1,1,1,1,1,1,1,1,1,1,1,1,1,1,1,1,1,1,1,1,1,1,1,1,1,1,1,1
小恶魔,普通,,,,,,,,,1,1,,,,,,,,,,,,,,,,,1,,1,,,,,,,,,,,1,1,,,,,,,,,,,,,,,,,,,1,1,,1,1,,1,,,1,1,1,1,,,1,,,1,,1,1,1,1,1,1,1,1,1,1,1,1,1,1,1,1,1,1,1,1,1,1,1,1,1,1,1,1,1,1,1,1,1,1,1,1,1,1,1,1,1,1,1,1,1,1,1,1,1
小恶魔,防御,,,,,,,1,1,1,1,,,,,,,,,,,,,,,,,1,,1,,,,,,,,1,1,1,1,1,1,1,,1,,,,,,,,1,1,1,,,,,1,1,,1,1,,1,1,,1,1,1,1,,,1,,,1,,1,1,1,1,1,1,1,1,1,1,1,1,1,1,1,1,1,1,1,1,1,1,1,1,1,1,1,1,1,1,1,1,1,1,1,1,1,1,1,1,1,1,1,1,1,1,1,1,1
小恶魔,辅助,,,,,,,1,1,1,1,,,,,,,,,,,,,,,,,1,,1,,,,,,,,1,,1,1,1,,1,,,,,,,,,,,,1,,1,,,1,1,,1,1,,1,,,1,1,1,1,,,1,,,1,,1,1,1,1,1,1,1,1,1,1,1,1,1,1,1,1,1,1,1,1,1,1,1,1,1,1,1,1,1,1,1,1,1,1,1,1,1,1,1,1,1,1,1,1,1,1,1,1,1
帕秋莉,普通,,,,,,,,,1,,,,,,,,,,,,,,,,,,,,,,,,,,,,,,1,,,,,,,,,,,1,,,,,,,,,,,,,1,1,,,,,,1,,1,,,,,,1,,,1,1,1,1,1,1,1,1,1,1,1,1,1,1,1,1,1,1,1,1,1,1,1,1,1,1,1,1,1,1,1,1,1,1,1,1,1,1,1,1,1,1,1,1,1,1,1,1
帕秋莉,力量,,,,,,,,,1,,,,,,,,,,,,,,,,,,,,,,,,,,,,,,1,,,1,1,1,1,,,,1,1,,,,1,1,,,,1,,,,1,1,,,,,,,1,1,1,,,,,1,,,1,1,1,1,1,1,1,1,1,1,1,1,1,1,1,1,1,1,1,1,1,1,1,1,1,1,1,1,1,1,1,1,1,1,1,1,1,1,1,1,1,1,1,1,1,1,1,1
帕秋莉,防御,,,,,,,,,1,,,,,,,,,,,,,,,,,,,,,,,,,,,,,,1,,,,,,,1,1,1,,1,1,,1,1,1,,,,1,,,,1,1,,,,,,1,,1,,,,,,1,,,1,1,1,1,1,1,1,1,1,1,1,1,1,1,1,1,1,1,1,1,1,1,1,1,1,1,1,1,1,1,1,1,1,1,1,1,1,1,1,1,1,1,1,1,1,1,1,1
咲夜,普通,,,,,,,,,1,1,,,,,,,,1,,,,,,,,,1,,1,,,,,,,,,,,,,,,,,,,,,1,,,,,,,,,,,,,1,1,,,,,,1,1,1,,,,,,1,,,1,1,1,1,1,1,1,1,1,1,1,1,1,1,1,1,1,1,1,1,1,1,1,1,1,1,1,1,1,1,1,1,1,1,1,1,1,1,1,1,1,1,1,1,1,1,1,1
咲夜,速度,,,,,,,1,1,1,1,,,,,,,,1,,,,,,,,,1,,1,,,,1,,,1,1,,1,,,,,,,,,,1,1,,,,,,1,,,1,1,,,1,1,,,,,,1,1,1,,,,,,1,,,1,1,1,1,1,1,1,1,1,1,1,1,1,1,,,,,,,,,,,,,,,,,,,,,,,,,,,,,,,,,,
咲夜,力量,,,,,,,1,1,1,1,,,,,,,,1,,,,,,,,,1,,1,,,,1,1,,,,,1,,,,,,,,,,1,1,,,,,,,,,1,,,,1,1,,,,,,1,1,1,,,,,,1,,,1,1,1,1,1,1,1,1,1,1,1,1,1,1,,,,,,,,,,,,,,,,,,,,,,,,,,,,,,,,,,
蕾米莉亚,普通,,,,,,,,,1,1,1,,,,,,,,,,,1,,,,,1,,,,,,,,,,,,,,,,,,,,,,,1,,,,,,,,,,,,,1,1,,1,,,,,1,1,1,,,,,1,,1,1,1,1,1,1,1,1,1,1,1,1,1,1,1,1,1,1,1,1,1,1,1,1,1,1,1,1,1,1,1,1,1,1,1,1,1,1,1,1,1,1,1,1,1,1,1,1,1
蕾米莉亚,力量,1,1,1,1,1,1,1,1,1,1,1,,,,,,,,,,,1,,,,,1,,,,,,,,,,,,1,,,,1,,,,,,,1,,,,,1,,,,1,,,,1,1,,1,,,,,1,1,1,,,,,1,,1,1,1,1,1,1,1,1,1,1,1,1,1,1,1,1,1,1,1,1,1,1,1,1,1,1,1,1,1,1,1,1,1,1,1,1,1,1,1,1,1,1,1,1,1,1,1,1,1
蕾米莉亚,速度,1,1,,1,1,,1,1,1,1,1,,,,,,,,,,,1,,,,,1,,,,,,,,,,,,1,,,,1,,,,,,,1,,,,,1,,,,1,,,,1,1,,1,,,,,1,1,1,,,,,1,,1,1,1,1,1,1,1,1,1,1,1,1,1,1,1,1,1,1,1,1,1,1,1,1,1,1,1,1,1,1,1,1,1,1,1,1,1,1,1,1,1,1,1,1,1,1,1,1,1
芙兰朵露,普通,,,,,,,,,1,,,,,,,,,,,,,,,,,,,,1,,,,,,,,1,,,,,,,,,,,,,,,,,,,,,,,,,,1,1,1,,,1,,,,1,,,,,,1,,1,1,1,1,1,1,1,1,1,1,1,1,1,1,1,1,1,1,1,1,1,1,1,1,1,1,1,1,1,1,1,1,1,1,1,1,1,1,1,1,1,1,1,1,1,1,1,1,1
芙兰朵露,速度,1,,,,,1,1,1,1,,,1,,,1,,1,,,,,,,,1,1,,1,1,,,,,,,,1,,1,,,1,1,,,,,1,,,,,,1,1,,,,,,,,1,1,1,,,1,,,,1,,,,,,1,1,1,1,1,1,1,1,1,1,1,1,1,1,1,1,1,1,1,1,1,1,1,1,1,1,1,1,1,1,1,1,1,1,1,1,1,1,1,1,1,1,1,1,1,1,1,1,1,1,1
芙兰朵露,力量,1,,,,,1,1,1,1,,,1,,,,,,,,,,,,,,,1,,1,,,,,,,,1,,1,,,1,1,,,,,,,,,,,,1,,,,,,,,1,1,1,,,1,,,,1,,,,,,1,,1,1,1,1,1,1,1,1,1,1,1,1,1,1,1,1,1,1,1,1,1,1,1,1,1,1,1,1,1,1,1,1,1,1,1,1,1,1,1,1,1,1,1,1,1,1,1,1,1
蕾蒂,普通,,,,,,,,,1,1,,,,,1,,,,,,,,,,,,,,,,,,,,,,,,,1,1,,,,,,,,,1,,,,,,,,,,,,,1,1,1,,,1,1,1,1,1,,,,,,1,1,,1,1,1,1,1,1,1,1,1,1,1,1,1,1,1,1,1,1,1,1,1,1,1,1,1,1,1,1,1,1,1,1,1,1,1,1,1,1,1,1,1,1,1,1,1,1,1,1
蕾蒂,力量,,1,1,,,,,1,1,1,,,1,,1,,,,,,,,,,,,,,,,,,,,,,,,1,1,1,,,1,1,,,1,1,1,,,,,,,1,,,,1,,1,1,1,,,1,1,1,1,1,,,,,1,1,1,,1,1,1,1,1,1,1,1,1,1,1,1,1,1,,,,,,,,,,,,,,,,,,,,,,,,,,,,,,,,,,
蕾蒂,防御,,1,1,,,,,1,1,1,,,1,1,1,,1,,,,,,,,,,,,,,,,,,,1,,,1,1,1,,,1,1,,1,,,1,,,,,,,,,,,1,,1,1,1,,,1,1,1,1,1,,,,,,1,1,,1,1,1,1,1,1,1,1,1,1,1,1,1,1,1,1,1,1,1,1,1,1,1,1,1,1,1,1,1,1,1,1,1,1,1,1,1,1,1,1,1,1,1,1,1,1,1,1
橙,普通,,,,,,,,,1,1,,,,,1,,,,,,,1,1,,1,,,,,,,,,1,,,,,,1,1,,,,,,,,,1,,1,,,,,,,,,,,1,1,1,1,,,1,1,1,1,1,,,,,1,1,1,1,1,1,1,1,1,1,1,1,1,1,1,1,1,1,1,1,1,1,1,1,1,1,1,1,1,1,1,1,1,1,1,1,1,1,1,1,1,1,1,1,1,1,1,1,1,1,1
橙,速度,,,,1,,,1,1,1,1,,,,,1,,,,,,,1,1,,1,,,,,,,,,1,,,,,1,1,1,,1,,,,,1,1,1,,1,,,,,,,,,,,1,1,1,1,,,1,1,1,1,1,,,,,1,1,1,1,1,1,1,1,1,1,1,1,1,1,1,1,1,1,1,1,1,1,1,1,1,1,1,1,1,1,1,1,1,1,1,1,1,1,1,1,1,1,1,1,1,1,1,1,1,1,1
橙,辅助,,,,1,,,1,1,1,1,1,,,,1,,,,,,,1,1,,1,,,,,,,,,1,,,,,1,1,1,,,,,,1,1,1,1,,1,,,,,,,,,,,1,1,1,1,,,1,1,1,1,1,,,,,1,1,1,1,1,1,1,1,1,1,1,1,1,1,1,1,1,1,1,1,1,1,1,1,1,1,1,1,1,1,1,1,1,1,1,1,1,1,1,1,1,1,1,1,1,1,1,1,1,1,1
莉莉,普通,,,,,,,,,1,1,,,,,1,,,,,,,,,1,,,,,,,,,,,,,1,,,1,1,,,,,,,,,1,,,,,,,,,,,,,1,1,1,1,,1,1,1,1,1,1,1,,,,1,1,1,1,1,1,1,1,1,1,1,1,1,1,1,1,1,1,1,1,1,1,1,1,1,1,1,1,1,1,1,1,1,1,1,1,1,1,1,1,1,1,1,1,1,1,1,1,1,1,1
莉莉,辅助,,,1,,,1,,1,1,1,,,,1,1,,,,,,,,,1,,,,,,,,,,,,,1,1,1,1,1,1,1,1,1,1,1,,,1,,,1,1,,1,,,,1,,1,1,1,1,1,,1,1,1,1,1,1,1,,,1,1,1,1,1,1,1,1,1,1,1,1,1,1,1,1,1,1,1,1,1,1,1,1,1,1,1,1,1,1,1,1,1,1,1,1,1,1,1,1,1,1,1,1,1,1,1,1,1,1,1,1
莉莉,力量,,,1,,,1,,1,1,1,,,,1,1,,,,,,,1,1,1,,,,,,,,,,,,,1,1,1,1,1,1,,1,1,1,1,,,1,,,1,,,,,,,,,,1,1,1,1,,1,1,1,1,1,1,1,,,1,1,1,1,1,1,1,1,1,1,1,1,1,1,1,1,1,1,1,1,1,1,1,1,1,1,1,1,1,1,1,1,1,1,1,1,1,1,1,1,1,1,1,1,1,1,1,1,1,1,1,1
莉莉卡,普通,,,,,,,,,1,1,,,,,1,,,,,1,,,,,,,1,,1,1,,,,,,,,1,,,,,,,,,,,,1,,,,,,,,,,,,,1,1,,,,,1,1,1,1,1,1,,,,1,1,,1,1,1,1,1,1,1,1,1,1,1,1,1,1,1,1,1,1,1,1,1,1,1,1,1,1,1,1,1,1,1,1,1,1,1,1,1,1,1,1,1,1,1,1,1,1,1,1
莉莉卡,速度,1,,,,1,,1,1,1,1,,,,1,1,,,,,1,,,,,,,1,1,1,1,1,,,,,1,1,1,1,,,,,,,,,,,1,,,,,1,1,,,,1,,1,1,1,,,1,1,1,1,1,1,1,1,,,,1,1,,1,1,1,1,1,1,1,1,1,1,1,1,1,1,,,,,,,,,,,,,,,,,,,,,,,,,,,,,,,,,,
莉莉卡,力量,1,,,,1,,1,1,1,1,,,,,1,,,,,1,,,,,,,1,,1,1,,,,,,1,1,1,1,,,,,1,,,,,,1,,,,,1,1,,1,,1,,1,1,1,,,1,1,1,1,1,1,1,1,,1,,1,1,1,1,1,1,1,1,1,1,1,1,1,1,1,1,1,1,1,1,1,1,1,1,1,1,1,1,1,1,1,1,1,1,1,1,1,1,1,1,1,1,1,1,1,1,1,1,1,1,1
梅露兰,普通,,,,,,,,,1,1,,,,,,,,1,,,,,,,,,1,,1,,,,,1,,,,,,,,,,,,,,,,1,,,,,,,,,,,,,1,1,1,1,,1,1,1,1,1,,1,,,,1,1,,1,1,1,1,1,1,1,1,1,1,1,1,1,1,1,1,1,1,1,1,1,1,1,1,1,1,1,1,1,1,1,1,1,1,1,1,1,1,1,1,1,1,1,1,1,1,1,1
梅露兰,辅助,1,1,,,,,1,1,1,1,1,,,,,,,1,,,,,,,,,1,,1,1,,,,1,,,,1,1,,,1,1,,,,,,,1,,,,,,1,1,1,,,,1,1,1,1,1,,1,1,1,1,1,,1,,1,,1,1,,1,1,1,1,1,1,1,1,1,1,1,1,1,1,,,,,,,,,,,,,,,,,,,,,,,,,,,,,,,,,,
梅露兰,力量,1,1,,,,,1,1,1,1,,1,,,,1,,1,,,1,,,,,,1,1,1,1,1,1,1,1,1,,1,1,1,,,,,,,,,,,1,,,,,,1,1,,1,,,1,1,1,1,1,,1,1,1,1,1,,1,,1,,1,1,,1,1,1,1,1,1,1,1,1,1,1,1,1,1,1,1,1,1,1,1,1,1,1,1,1,1,1,1,1,1,1,1,1,1,1,1,1,1,1,1,1,1,1,1,1,1,1,1
露娜萨,普通,,,,,,,,,1,1,,,,,,,,,,1,,,,,,,1,,1,,,,,,,,,,,,,,,,,,,,,1,,,,,,,,,,,,,1,1,1,1,,,1,1,1,1,,1,,1,,1,,1,1,1,1,1,1,1,1,1,1,1,1,1,1,1,1,1,1,1,1,1,1,1,1,1,1,1,1,1,1,1,1,1,1,1,1,1,1,1,1,1,1,1,1,1,1,1,1,1
露娜萨,辅助,,,1,,,,1,1,1,1,,,,1,,,,,,1,,,,,,,1,1,1,,1,,,,,1,,1,1,,,,,,,,,,1,1,,,,,1,1,1,,,,,1,1,1,1,1,,,1,1,1,1,,1,,1,,1,,1,1,1,1,1,1,1,1,1,1,1,1,1,1,1,,,,,,,,,,,,,,,,,,,,,,,,,,,,,,,,,,
露娜萨,防御,,,1,,,,1,1,1,1,,,,1,,,,,,1,,,,,,,1,1,1,,1,,,,,1,,1,1,,,,,,,,,,1,1,,,,,1,1,1,1,,,,1,1,1,1,1,,,1,1,1,1,,1,,1,1,1,,1,1,1,1,1,1,1,1,1,1,1,1,1,1,1,,,,,,,,,,,,,,,,,,,,,,,,,,,,,,,,,,
妖梦,普通,,,,,,,,,1,1,,,,,,,,1,,1,,,,,,,,,1,1,,,,1,,,,,,1,1,,,,,,,,,1,,,,,,,,,,,,,1,1,,,,,1,1,1,1,,,,,,1,1,,1,1,1,1,1,1,1,1,1,1,1,1,1,1,1,1,1,1,1,1,1,1,1,1,1,1,1,1,1,1,1,1,1,1,1,1,1,1,1,1,1,1,1,1,1,1,1,1
妖梦,速度,,,1,,,,1,1,1,1,,,,,,,1,1,,1,,,,,,,,,1,1,,1,1,1,,,,,1,1,1,,,,,,,1,1,1,,1,,,1,1,1,,,,,,1,1,,,,,1,1,1,1,,,,,,1,1,,1,1,1,1,1,1,1,1,1,1,1,1,1,1,,,,,,,,,,,,,,,,,,,,,,,,,,,,,,,,,,
妖梦,力量,,,1,,,,1,1,1,1,,,,,,,1,1,,1,,,,,,,,,1,1,,1,1,1,,,,,1,1,1,,,,,,,,,1,,,,,,,,,,,,,1,1,,,,,1,1,1,1,,,,,,1,1,,1,1,1,1,1,1,1,1,1,1,1,1,1,1,1,1,1,1,1,1,1,1,1,1,1,1,1,1,1,1,1,1,1,1,1,1,1,1,1,1,1,1,1,1,1,1,1,1
幽幽子,普通,,,,,,,,,1,,,,,,,,,,,,,,,,1,,,,,1,,,,,,,,,,1,1,,,,,,,,,,,,,,,,,,,,,,1,1,,,,1,,1,,,,1,,,,1,,1,1,1,1,1,1,1,1,1,1,1,1,1,1,1,1,1,1,1,1,1,1,1,1,1,1,1,1,1,1,1,1,1,1,1,1,1,1,1,1,1,1,1,1,1,1,1,1,1
幽幽子,防御,,1,1,,,,1,1,1,,,,,1,,,,,,,,,,,1,,,1,,1,,,,,,1,,,1,1,1,,,1,,1,1,,,,,,,,1,1,,,,,,,1,1,,,,1,,1,,,,1,,,,1,,1,1,1,1,1,1,1,1,1,1,1,1,1,1,1,1,1,1,1,1,1,1,1,1,1,1,1,1,1,1,1,1,1,1,1,1,1,1,1,1,1,1,1,1,1,1,1,1,1
幽幽子,力量,,1,1,,,,1,1,1,,,,,1,,,,,,,,,,,1,,,1,,1,,,,,,1,,,1,1,1,,,,,1,1,,,,,,,,1,1,,1,,,,,1,1,,,,1,,1,,,,1,,,,1,,1,1,1,1,1,1,1,1,1,1,1,1,1,1,1,1,1,1,1,1,1,1,1,1,1,1,1,1,1,1,1,1,1,1,1,1,1,1,1,1,1,1,1,1,1,1,1,1,1
蓝,普通,,,,,,,,,1,1,1,,,,1,,,1,,,,,,,,,1,,,,,,,,,,1,,,,,,,,,,,,,,,,,,,,,,,,,,1,1,,1,,,1,,,1,,,,,,1,1,1,1,1,1,1,1,1,1,1,1,1,1,1,1,1,1,1,1,1,1,1,1,1,1,1,1,1,1,1,1,1,1,1,1,1,1,1,1,1,1,1,1,1,1,1,1,1,1,1
蓝,力量,1,,,,,,,1,1,1,1,1,,,1,,1,1,,,1,,,,,,1,,,,,,,,,1,1,,1,,,1,1,,,,,,,,,,,1,,,,,,1,,,1,1,,1,1,,1,,,1,,,,,,1,1,1,1,1,1,1,1,1,1,1,1,1,1,1,1,1,1,1,1,1,1,1,1,1,1,1,1,1,1,1,1,1,1,1,1,1,1,1,1,1,1,1,1,1,1,1,1,1,1,1
蓝,防御,1,,,,,,,1,1,1,1,,,,1,1,1,1,1,,1,,,,,,1,,,,,,,,,1,1,,1,,,,1,,,,,1,,,,,,1,,,,,,1,,,1,1,,1,,,1,,,1,,,,,,1,1,1,1,1,1,1,1,1,1,1,1,1,1,1,1,1,1,1,1,1,1,1,1,1,1,1,1,1,1,1,1,1,1,1,1,1,1,1,1,1,1,1,1,1,1,1,1,1,1,1
紫,普通,,,,,,,,,1,1,,,,,,,,,,,,,,,,,,,,,,,,,,,,,,1,1,,,,,,,,,,,,,,,,,,,,1,,1,,,,,,,,1,1,1,,,,,1,,1,1,1,1,1,1,1,1,1,1,1,1,1,1,1,1,1,1,1,1,1,1,1,1,1,1,1,1,1,1,1,1,1,1,1,1,1,1,1,1,1,1,1,1,1,1,1,1,1
紫,力量,,,,,,,1,1,1,1,,,,,,1,,,,,,,,,,,,1,,,,,,,,1,1,,1,1,1,1,1,1,,1,,,,,1,,,,1,1,,,1,1,1,,1,,,,,,,,,,1,,,,,1,,1,1,1,1,1,1,1,1,1,1,1,1,1,1,1,1,1,1,1,1,1,1,1,1,1,1,1,1,1,1,1,1,1,1,1,1,1,1,1,1,1,1,1,1,1,1,1,1,1
紫,防御,,,,,,,1,1,1,1,,,,,,,,,,,,,,,,,,,,,,,,,,1,1,,1,1,1,,1,,,,,,,,,,,,1,,,,,1,1,,1,,,,,,,,1,1,1,,,,1,1,,1,1,1,1,1,1,1,1,1,1,1,1,1,1,1,1,1,1,1,1,1,1,1,1,1,1,1,1,1,1,1,1,1,1,1,1,1,1,1,1,1,1,1,1,1,1,1,1,1
莲子,普通,,,,,,,,,,,,,,,,,,,,,,,,,1,,,,1,,,,,,,,,,,,,,,,,,,,,,,,,,,,,,,,,,,,,,,,,1,1,,,,,,,,,,,,,,,,,,,,,,,,1,1,1,1,1,1,1,1,1,1,1,1,1,1,1,1,1,1,1,1,1,1,1,1,1,1,1,1,1,1,1,1,1,1
莲子,辅助,,,,,,,,,,,,,,,,,,,,,,,,,1,,,,1,,,,,,,,,,,,1,,,,,,,,,,,,,,,,,,,,,,,,,,,,,1,1,1,,,,,,,,,,,,,,,,,,,,,,,,,,,,,,,,,,,,,,,,,,,,,,,,,,,,,,,,
莲子,速度,,,,,,,,,,,,,,,,,,,,,,,,,1,,,,1,,,,,,,,,,,1,,,,,,,,,,,,,,1,,,,,,,,,,,,,,,,1,1,1,,,,,,,,,,,,,,,,,,,,,,,,,,,,,,,,,,,,,,,,,,,,,,,,,,,,,,,,
梅莉,普通,,,,,,,,,,,,,,,,,,,,,,,,,1,,,,1,,,,,,,,,,,,,,,,,,,,,,,,,,,,,,,,,,,,,,,,,1,1,,,,,,,,,,,,,,,,,,,,,,,,1,1,1,1,1,1,1,1,1,1,1,1,1,1,1,1,1,1,1,1,1,1,1,1,1,1,1,1,1,1,1,1,1,1
梅莉,防御,,,,,,,,,,,,,,,,,,,,,,,,,1,,,,1,,,,,,,,,,,,1,,,,,,,,,,,,,,,,,,,,,,1,,,,,,,1,1,,,,,,1,,,,,,,,,,,,,,,,,,1,1,1,1,1,1,1,1,1,1,1,1,1,1,1,1,1,1,1,1,1,1,1,1,1,1,1,1,1,1,1,1,1,1
梅莉,力量,,,,,,,,,,,,,,,,,,,,,,,,,1,,,,1,,,,,,,,,,,1,,,,,,,,,,,,,,1,1,,,,,1,,,,,,,,,,1,1,,,,,,,,,,,,,,,,,,,,,,,,1,1,1,1,1,1,1,1,1,1,1,1,1,1,1,1,1,1,1,1,1,1,1,1,1,1,1,1,1,1,1,1,1,1
霖之助,普通,,,,,,,,,1,1,,,,,,,,,,1,,,,,,,,,1,,,,,1,,,,,,1,1,,,,,,,,,1,,,,,,,,,,,1,,1,1,1,1,,,1,1,1,1,1,,,,,1,1,1,1,1,1,1,1,1,1,1,1,1,1,1,1,1,1,1,1,1,1,1,1,1,1,1,1,1,1,1,1,1,1,1,1,1,1,1,1,1,1,1,1,1,1,1,1,1,1,1
霖之助,防御,1,1,1,1,1,1,1,1,1,1,1,,,,,,,,1,1,,,,,,,,1,1,,,,,1,,,1,,1,1,1,,,1,1,,,1,1,1,,,,,1,,,,,,1,,1,1,1,1,,,1,1,1,1,1,,,,,1,1,1,1,1,1,1,1,1,1,1,1,1,1,1,1,1,1,1,1,1,1,1,1,1,1,1,1,1,1,1,1,1,1,1,1,1,1,1,1,1,1,1,1,1,1,1,1,1,1,1
霖之助,力量,,,,,,,,1,1,1,,,,,,,,,1,1,,,,,,,,1,1,,,,1,1,,,,,1,1,1,,,,,,,1,1,1,,,,,1,,,,,1,1,,1,1,1,1,,,1,1,1,1,1,,,,,1,1,1,1,1,1,1,1,1,1,1,1,1,1,1,1,1,1,1,1,1,1,1,1,1,1,1,1,1,1,1,1,1,1,1,1,1,1,1,1,1,1,1,1,1,1,1,1,1,1,1
朱鹭子,普通,,,,,,,,,1,1,,,,,1,,,1,,1,,1,1,1,,,1,,,,,,,,,,,,,1,1,,,,,,,,,1,,1,,,,,,,,,,,1,1,1,1,,,1,1,1,1,1,1,,,,1,1,1,1,1,1,1,1,1,1,1,1,1,1,1,1,1,1,1,1,1,1,1,1,1,1,1,1,1,1,1,1,1,1,1,1,1,1,1,1,1,1,1,1,1,1,1,1,1,1,1
朱鹭子,力量,,1,1,1,1,1,1,1,1,1,,,,,1,,,1,,1,1,1,1,1,,,1,,,,1,,,,,,1,1,1,1,1,,,,,,1,,,1,,1,,,,,,,,,,,1,1,1,1,,,1,1,1,1,1,1,,,,1,1,1,1,1,1,1,1,1,1,1,1,1,1,1,1,1,,,,,,,,,,,,,,,,,,,,,,,,,,,,,,,,,,
朱鹭子,辅助,,1,1,1,1,1,1,1,1,1,,,,,1,,,1,,1,,1,1,1,,,1,,,,,,,,,,1,,1,1,1,,1,,,,1,1,,1,,1,,,,,,,,,,,1,1,1,1,,,1,1,1,1,1,1,1,,1,1,1,1,1,1,1,1,1,1,1,1,1,1,1,1,1,1,,,,,,,,,,,,,,,,,,,,,,,,,,,,,,,,,,
莉格露,普通,,,,,,,,,1,1,,,,,1,,,,,,,,1,,,,1,,1,,,,,1,,,,,,1,1,,,,,,,,,1,,,,,,,,,,,,,1,1,1,,,,1,1,1,1,1,1,1,,,1,1,,1,1,1,1,1,1,1,1,1,1,1,1,1,1,1,1,1,1,1,1,1,1,1,1,1,1,1,1,1,1,1,1,1,1,1,1,1,1,1,1,1,1,1,1,1,1,1,1
莉格露,力量,,,1,,,,,,1,1,,,,1,1,,1,,,,,,1,,,,1,1,1,,,,,1,,,1,1,1,1,1,,,,,1,1,1,,1,,,,,,,,,,,,,1,1,1,,,,1,1,1,1,1,1,1,,1,1,1,,1,1,1,1,1,1,1,1,1,1,1,1,1,1,1,1,1,1,1,1,1,1,1,1,1,1,1,1,1,1,1,1,1,1,1,1,1,1,1,1,1,1,1,1,1,1,1,1
莉格露,辅助,,,1,1,,1,1,1,1,1,,,,1,1,,,,,,,,1,,,,1,,1,,,,,1,,,1,1,1,1,1,,,,,1,1,,,1,,,,,,,,,,,,,1,1,1,,,,1,1,1,1,1,1,1,,1,1,1,,1,1,1,1,1,1,1,1,1,1,1,1,1,1,,,,,,,,,,,,,,,,,,,,,,,,,,,,,,,,,,
米斯蒂娅,普通,,,,,,,,,1,1,,,,,1,,,,,,,1,,,,,,,,,,,,,,,,,,1,1,,,,,,,,,1,,,,,,,,,,,,,1,1,,1,,,1,1,1,1,,,,,,1,1,1,1,1,1,1,1,1,1,1,1,1,1,1,1,1,1,1,1,1,1,1,1,1,1,1,1,1,1,1,1,1,1,1,1,1,1,1,1,1,1,1,1,1,1,1,1,1,1,1
米斯蒂娅,防御,,,,1,,,1,1,1,1,,,,1,1,,,,,,,1,,,,,,1,1,,,,,,,,,1,1,1,1,,,,,,1,,,1,,,,,1,,,,,,1,1,1,1,,1,,,1,1,1,1,,,,,,1,1,1,1,1,1,1,1,1,1,1,1,1,1,1,1,1,1,1,1,1,1,1,1,1,1,1,1,1,1,1,1,1,1,1,1,1,1,1,1,1,1,1,1,1,1,1,1,1,1,1
米斯蒂娅,力量,,,,1,,,1,1,1,1,,,,1,1,,,,,,,1,,,,,1,,,,,,,,,,,1,1,1,1,,,1,,,1,,1,1,,,,,1,,,,,1,1,1,1,1,,1,,,1,1,1,1,,,1,,,1,1,1,1,1,1,1,1,1,1,1,1,1,1,1,1,1,1,1,1,1,1,1,1,1,1,1,1,1,1,1,1,1,1,1,1,1,1,1,1,1,1,1,1,1,1,1,1,1,1,1
慧音,普通,,,,,,1,,,1,1,,,,,,,,1,,1,,,,,1,,,,1,,,,,1,,,,,,1,1,,,,,,,,,1,,,,,,,,,,,1,,1,1,1,,,,,1,1,1,,,,,,1,1,,1,1,1,1,1,1,1,1,1,1,1,1,1,1,1,1,1,1,1,1,1,1,1,1,1,1,1,1,1,1,1,1,1,1,1,1,1,1,1,1,1,1,1,1,1,1,1,1
慧音,防御,,1,,,,1,,1,1,1,1,,1,,,1,1,1,1,1,,,,,1,1,,,1,,,1,,1,,1,,,1,1,1,,,,,,,,,1,,,,,,,,,1,,1,,1,1,1,,,,,1,1,1,,,,,,1,1,,1,1,1,1,1,1,1,1,1,1,1,1,1,1,,,,,,,,,,,,,,,,,,,,,,,,,,,,,,,,,,
慧音,力量,,1,,,,1,,1,1,1,1,,,,,,,1,,1,,,,,1,1,,,1,,,,,1,,,,,1,1,1,,1,1,,,,1,1,1,,,,1,,,,,1,,1,,1,1,1,,,,,1,1,1,,,,,,1,1,,1,1,1,1,1,1,1,1,1,1,1,1,1,1,1,1,1,1,1,1,1,1,1,1,1,1,1,1,1,1,1,1,1,1,1,1,1,1,1,1,1,1,1,1,1,1,1,1
帝,普通,,,,,,,,,1,1,1,,,,1,,,1,,1,,1,,1,,1,,,1,,,,,1,,,,,,1,1,,,,,,,,,1,,1,,,,,,,,,,,1,1,,1,,1,1,1,1,1,1,1,,,1,1,1,1,1,1,1,1,1,1,1,1,1,1,1,1,1,1,1,1,1,1,1,1,1,1,1,1,1,1,1,1,1,1,1,1,1,1,1,1,1,1,1,1,1,1,1,1,1,1,1,1
帝,辅助,,,,,,,1,1,1,1,1,,,,1,,,1,1,1,,1,,1,,1,,,1,,,,,1,,,,,1,1,1,,,,,,,,,1,,1,,,,,,,,1,,,1,1,,1,,1,1,1,1,1,1,1,,,1,1,1,1,1,1,1,1,1,1,1,1,1,1,1,1,1,1,1,1,1,1,1,1,1,1,1,1,1,1,1,1,1,1,1,1,1,1,1,1,1,1,1,1,1,1,1,1,1,1,1,1
帝,力量,,,,,,,1,1,1,1,1,1,,,1,,,1,1,1,,1,1,1,,1,1,1,1,,1,,,1,1,1,1,,1,1,1,,,,,,,,,1,,1,,,,,,,,,,,1,1,,1,,1,1,1,1,1,1,1,,,1,1,1,1,1,1,1,1,1,1,1,1,1,1,1,1,1,1,1,1,1,1,1,1,1,1,1,1,1,1,1,1,1,1,1,1,1,1,1,1,1,1,1,1,1,1,1,1,1,1,1,1
优昙华院,普通,,,,,,,,,1,1,,,,,,,,,,,,,1,,,,1,,,1,,,,1,,,1,,,,,,,,,,,,,,,,,,,,,,,,1,,1,1,1,,,,1,1,1,1,,,,,,1,1,,1,1,1,1,1,1,1,1,1,1,1,1,1,1,1,1,1,1,1,1,1,1,1,1,1,1,1,1,1,1,1,1,1,1,1,1,1,1,1,1,1,1,1,1,1,1,1,1
优昙华院,辅助,,,,,,,1,1,1,1,,,,,,,,,,,,,1,,,,1,,,1,,,,1,,1,1,,1,,,,,,1,,,,,,,,,,1,,,1,,1,1,,1,1,1,,,,1,1,1,1,,,1,1,1,1,1,,1,1,1,1,1,1,1,1,1,1,1,1,1,1,1,1,1,1,1,1,1,1,1,1,1,1,1,1,1,1,1,1,1,1,1,1,1,1,1,1,1,1,1,1,1,1,1,1
优昙华院,力量,,1,,,,,1,1,1,1,,,,,,,,,,,,,1,,,,1,,,1,1,,,1,,1,1,,1,,,,,,,,,,,,,,,,1,,,1,,1,1,,1,1,1,,,,1,1,1,1,,,,,1,1,1,,1,1,1,1,1,1,1,1,1,1,1,1,1,1,1,1,1,1,1,1,1,1,1,1,1,1,1,1,1,1,1,1,1,1,1,1,1,1,1,1,1,1,1,1,1,1,1,1
永琳,普通,,,,,,,,,1,1,,,,,,,,,,,,,,,,,,,,,,,,,,,,,,,,,,,,,,,,,,,,,,,,,,,,,1,1,,,,1,,,1,,,,,,,1,,1,1,1,1,1,1,1,1,1,1,1,1,1,1,1,1,1,1,1,1,1,1,1,1,1,1,1,1,1,1,1,1,1,1,1,1,1,1,1,1,1,1,1,1,1,1,1,1,1
永琳,辅助,,1,,,1,,1,1,1,1,,,1,,,,,,,,,,,,,1,,1,,,1,,,,,,,,1,,,,,1,1,,1,,,,,,,,,,1,1,,,,,1,1,,1,,1,,,1,,,,,,1,1,,1,1,1,1,1,1,1,1,1,1,1,1,1,1,1,1,1,1,1,1,1,1,1,1,1,1,1,1,1,1,1,1,1,1,1,1,1,1,1,1,1,1,1,1,1,1,1,1,1
永琳,力量,,1,,,,,1,1,1,1,,,1,,,,,,,,,,,,,1,,1,,,1,,,,1,,,,1,,,,,,,,1,,1,,,,,,,,1,1,,,,,1,1,,,,1,,,1,,,,,,1,1,,1,1,1,1,1,1,1,1,1,1,1,1,1,1,1,1,1,1,1,1,1,1,1,1,1,1,1,1,1,1,1,1,1,1,1,1,1,1,1,1,1,1,1,1,1,1,1,1,1
辉夜,普通,,,,,,,,,1,1,,,,,,,,,,,,,,,,,,,,,,,,,,,,,1,1,1,,,,,,,,,,,,,,,,,,,,1,,1,1,,,,,,1,1,1,1,,,,,1,,,1,1,1,1,1,1,1,1,1,1,1,1,1,1,1,1,1,1,1,1,1,1,1,1,1,1,1,1,1,1,1,1,1,1,1,1,1,1,1,1,1,1,1,1,1,1,1,1
辉夜,防御,,,,,,1,,1,1,1,,,,,,,,,,,,,,,1,1,,,,,,,,,,,,,1,1,1,1,1,1,,1,,,,,1,,,1,,1,,,,1,1,,1,1,,,1,,,1,1,1,1,,,,,1,,,1,1,1,1,1,1,1,1,1,1,1,1,1,1,1,1,1,1,1,1,1,1,1,1,1,1,1,1,1,1,1,1,1,1,1,1,1,1,1,1,1,1,1,1,1,1,1,1
辉夜,力量,,,,,,1,,1,1,1,,,,,,,,,,,,,,,1,1,,,,,,,,,,,,,1,1,1,1,,,,1,,,,,,,,1,,,,,,,1,,1,1,,,,,,1,1,1,1,,,,,1,,,1,1,1,1,1,1,1,1,1,1,1,1,1,1,1,1,1,1,1,1,1,1,1,1,1,1,1,1,1,1,1,1,1,1,1,1,1,1,1,1,1,1,1,1,1,1,1,1
妹红,普通,,,,,,,,,1,1,,,,,,,,,,,,,,,,,,,,,,,,1,,,,,,1,1,,,,,,,,,1,,,,,,,,,,,,,1,1,1,,,1,,1,1,1,1,,,,,1,1,1,1,1,1,1,1,1,1,1,1,1,1,1,1,1,1,1,1,1,1,1,1,1,1,1,1,1,1,1,1,1,1,1,1,1,1,1,1,1,1,1,1,1,1,1,1,1,1,1
妹红,速度,1,,,,,1,,1,1,1,1,1,,,,,,,,,,,,,,,,,,,,,,1,,,,,1,1,1,1,1,,,,,,,1,,,,1,,,,,1,,,,1,1,1,,1,1,,1,1,1,1,,,,,1,1,1,1,1,1,1,1,1,1,1,1,1,1,1,1,1,1,1,1,1,1,1,1,1,1,1,1,1,1,1,1,1,1,1,1,1,1,1,1,1,1,1,1,1,1,1,1,1,1,1
妹红,力量,1,,,,,1,,1,1,1,1,1,,,,,,,1,,,,,,,,,,,,,1,,1,,,,,1,1,1,1,1,,,1,1,,,1,,,,1,,,,,1,,,,1,1,1,,1,1,,1,1,1,1,,,,,1,1,1,1,1,1,1,1,1,1,1,1,1,1,1,1,1,1,1,1,1,1,1,1,1,1,1,1,1,1,1,1,1,1,1,1,1,1,1,1,1,1,1,1,1,1,1,1,1,1,1
萃香,普通,,,,,,,,,1,1,,,,,,,,1,,,,,,,,,,,1,,,,,1,,,,,,,,,,,,,,,,,,,,,,,,,,,,,1,1,1,,,,,,1,1,1,,,,,1,,,1,1,1,1,1,1,1,1,1,1,1,1,1,1,1,1,1,1,1,1,1,1,1,1,1,1,1,1,1,1,1,1,1,1,1,1,1,1,1,1,1,1,1,1,1,1,1,1
萃香,力量,1,,,,,,,1,1,1,,,,,,1,1,1,,,,,,,,,,,1,,,1,1,1,,,,,,,,,1,,,,,1,,,,,,,,,,,1,,1,,1,1,1,,,,,,1,1,1,,,,1,1,,,1,1,1,1,1,1,1,1,1,1,1,1,1,1,1,1,1,1,1,1,1,1,1,1,1,1,1,1,1,1,1,1,1,1,1,1,1,1,1,1,1,1,1,1,1,1,1,1
萃香,防御,1,,,,,,,1,1,1,1,1,,,,,1,1,,,,,,,,,,,1,,,,1,1,,,,1,,,,1,1,,,,,,,,,,,,,,,,1,,1,,1,1,1,,1,,,,1,1,1,,,,,1,1,1,1,1,1,1,1,1,1,1,1,1,1,1,1,1,1,1,1,1,1,1,1,1,1,1,1,1,1,1,1,1,1,1,1,1,1,1,1,1,1,1,1,1,1,1,1,1,1,1
桑尼,普通,,,,,,,,,1,1,1,,,,1,,,,,,,,1,,,,1,,,,,,,,,,,,,1,1,,,,,,,,,1,,,,,,,,,,,,,1,1,1,1,,1,1,1,1,1,1,1,,,,1,1,1,1,1,1,1,1,1,1,1,1,1,1,1,1,1,1,1,1,1,1,1,1,1,1,1,1,1,1,1,1,1,1,1,1,1,1,1,1,1,1,1,1,1,1,1,1,1,1,1
桑尼,辅助,1,,1,,,1,,1,1,1,1,1,,,1,,,,,,,,1,,,,1,,,,,,,,,,1,,1,1,1,1,1,,,1,1,,,1,,,,1,,,,,,1,,1,1,1,1,1,1,1,1,1,1,1,1,1,,,,1,1,1,1,1,1,1,1,1,1,1,1,1,1,1,1,1,1,1,1,1,1,1,1,1,1,1,1,1,1,1,1,1,1,1,1,1,1,1,1,1,1,1,1,1,1,1,1,1,1,1
桑尼,力量,1,,,,,1,,1,1,1,1,1,,,1,,,,,,,,1,,,,1,,,,,,,,,,,,1,1,1,1,1,,,1,1,,,1,,,,1,,,,,,1,,1,1,1,1,1,1,1,1,1,1,1,1,1,,,,1,1,1,1,1,1,1,1,1,1,1,1,1,1,1,1,1,1,1,1,1,1,1,1,1,1,1,1,1,1,1,1,1,1,1,1,1,1,1,1,1,1,1,1,1,1,1,1,1,1,1
露娜,普通,,,,,,,,,1,1,,,,,1,,,,,,,1,,,,,,,,,,,,,,,,,,1,1,,,,,,,,,1,,1,,,,,,,,,,,1,1,1,1,,1,1,1,1,1,1,1,,,,1,1,1,1,1,1,1,1,1,1,1,1,1,1,1,1,1,1,1,1,1,1,1,1,1,1,1,1,1,1,1,1,1,1,1,1,1,1,1,1,1,1,1,1,1,1,1,1,1,1,1
露娜,力量,,,,1,,1,,1,1,1,,,,,1,,,,,,,1,,,,,,,,,,,,,,,,,1,1,1,,,,,1,1,,1,1,1,1,1,1,,,,,,1,,1,1,1,1,1,,1,1,1,1,1,1,1,,,,1,1,1,1,1,1,1,1,1,1,1,1,1,1,1,1,1,1,1,1,1,1,1,1,1,1,1,1,1,1,1,1,1,1,1,1,1,1,1,1,1,1,1,1,1,1,1,1,1,1,1
露娜,速度,,,,1,,1,,1,1,1,,,,,1,,,,,,,1,,,,,,,,,,,,,,,,1,1,1,1,,,,,1,1,,,1,1,1,,1,,,,,,1,,1,1,1,1,1,,1,1,1,1,1,1,1,,,,1,1,1,1,1,1,1,1,1,1,1,1,1,1,1,1,1,1,1,1,1,1,1,1,1,1,1,1,1,1,1,1,1,1,1,1,1,1,1,1,1,1,1,1,1,1,1,1,1,1,1
斯塔,普通,,,,,,,,,1,1,,,,,1,,,,,,,1,,,,,1,,,,,,,,,,,,,1,1,,,,,,,,,,,,,,,,,,,,,,1,1,1,1,,1,1,1,1,1,1,1,,,,1,1,1,1,1,1,1,1,1,1,1,1,1,1,1,1,1,1,1,1,1,1,1,1,1,1,1,1,1,1,1,1,1,1,1,1,1,1,1,1,1,1,1,1,1,1,1,1,1,1,1
斯塔,力量,,1,1,,,1,,1,1,1,,,1,,1,,,,,,,1,,,,,1,1,,,1,,,,,,1,,1,1,1,,,1,1,1,1,,,,,,,1,,,,,,1,1,,1,1,1,1,,1,1,1,1,1,1,1,,,1,1,1,1,1,1,1,1,1,1,1,1,1,1,1,1,1,1,1,1,1,1,1,1,1,1,1,1,1,1,1,1,1,1,1,1,1,1,1,1,1,1,1,1,1,1,1,1,1,1,1,1
斯塔,防御,,1,1,,,1,,1,1,1,,,1,,1,,,,,,,1,,,,,1,,,,1,,,,,1,1,,1,1,1,,,1,1,1,1,,1,,,,,1,,,,,,1,1,,1,1,1,1,,1,1,1,1,1,1,1,,,1,1,1,1,1,1,1,1,1,1,1,1,1,1,1,1,1,1,1,1,1,1,1,1,1,1,1,1,1,1,1,1,1,1,1,1,1,1,1,1,1,1,1,1,1,1,1,1,1,1,1,1
梅蒂欣,普通,,,,,,,,,1,1,,,,,1,,,1,,,,,,1,,,,,1,1,,,,,,,,,,,,,,,,,,,,1,,,,,,,,,,,,,1,1,1,1,,,1,1,1,1,,1,1,,1,1,1,1,1,1,1,1,1,1,1,1,1,1,1,1,1,1,1,1,1,1,1,1,1,1,1,1,1,1,1,1,1,1,1,1,1,1,1,1,1,1,1,1,1,1,1,1,1,1,1,1
梅蒂欣,防御,,1,1,,,,1,1,1,1,,,,1,1,,1,1,,,,,,1,,,,,1,1,1,,,,,,,,,,,,,,,1,1,,,1,,,,,,1,,1,,,,,1,1,1,1,,,1,1,1,1,,1,1,,1,1,1,1,1,1,1,1,1,1,1,1,1,1,1,1,1,1,1,1,1,1,1,1,1,1,1,1,1,1,1,1,1,1,1,1,1,1,1,1,1,1,1,1,1,1,1,1,1,1,1,1
梅蒂欣,力量,,1,1,,,,1,1,1,1,1,1,,,1,,1,1,,,,,,1,,,,1,1,1,1,,,,,,1,,,,,,1,,,1,1,,,1,,,,,,1,,1,,,,,1,1,1,1,,,1,1,1,1,,1,1,,1,1,1,1,1,1,1,1,1,1,1,1,1,1,1,1,1,1,1,1,1,1,1,1,1,1,1,1,1,1,1,1,1,1,1,1,1,1,1,1,1,1,1,1,1,1,1,1,1,1,1,1
文,普通,,,,,,,,,1,1,1,,,,,,,1,,,,1,1,1,,,1,,,,,,,1,,,,,,,,,,,,,,,,1,,1,,,,,,,,,,,1,1,1,1,,,1,1,1,1,,1,,,,1,1,1,1,1,1,1,1,1,1,1,1,1,1,1,1,1,1,1,1,1,1,1,1,1,1,1,1,1,1,1,1,1,1,1,1,1,1,1,1,1,1,1,1,1,1,1,1,1,1,1
文,速度,,,,1,1,,,1,1,1,1,,,,,,,1,,,1,1,1,1,,,1,,1,,,,,1,,,,,1,,,,,,,,,,,1,,1,,,,,,,,,,,1,1,1,1,1,,1,1,1,1,1,1,,,,1,1,1,1,1,1,1,1,1,1,1,1,1,1,1,1,1,,,,,,,,,,,,,,,,,,,,,,,,,,,,,,,,,,
文,力量,,,,1,1,,,1,1,1,1,,,,,,,1,,,1,1,1,1,,,1,,,,,1,,1,,,,,1,,,,,,,,,,,1,,1,1,,,,,,1,,,,1,1,1,1,,,1,1,1,1,,1,,,,1,1,1,1,1,1,1,1,1,1,1,1,1,1,1,1,1,1,1,1,1,1,1,1,1,1,1,1,1,1,1,1,1,1,1,1,1,1,1,1,1,1,1,1,1,1,1,1,1,1,1
小町,普通,,,,,,,,,1,1,,,,,,,,,,1,,,,,,,,,,,,,,,,,,,,1,,,,,,,,,,,,,,,,,,,,,,,1,1,1,1,,1,,1,1,1,,,,1,,1,,1,1,1,1,1,1,1,1,1,1,1,1,1,1,1,1,1,1,1,1,1,1,1,1,1,1,1,1,1,1,1,1,1,1,1,1,1,1,1,1,1,1,1,1,1,1,1,1,1
小町,辅助,,1,,,,,1,1,1,1,,,1,,,,,,,1,,,,,,,,,,1,,,1,,,,1,,1,1,,,,1,1,,,,,,,,,,,1,1,,,,,,1,1,1,1,,1,,1,1,1,,,,1,,1,,1,1,1,1,1,1,1,1,1,1,1,1,1,1,1,1,1,1,1,1,1,1,1,1,1,1,1,1,1,1,1,1,1,1,1,1,1,1,1,1,1,1,1,1,1,1,1,1,1
小町,力量,,1,,,,,1,1,1,1,,,1,,,,,,1,1,,,,,,,,,1,,,,1,,1,,1,,1,1,,,,1,1,,,,1,,,,,,,1,,,,,,,1,1,1,1,,1,,1,1,1,,,,1,,1,,1,1,1,1,1,1,1,1,1,1,1,1,1,1,1,1,1,1,1,1,1,1,1,1,1,1,1,1,1,1,1,1,1,1,1,1,1,1,1,1,1,1,1,1,1,1,1,1,1
映姬,普通,,,,,,1,,,1,1,,,,,,,,,,,,,,,1,,,,1,,,,,,,,,,1,1,,,,,,,,,,,,,,,,,,,,,,,1,1,,,,,,1,1,,1,,,,,1,,1,1,1,1,1,1,1,1,1,1,1,1,1,1,1,1,1,1,1,1,1,1,1,1,1,1,1,1,1,1,1,1,1,1,1,1,1,1,1,1,1,1,1,1,1,1,1,1,1
映姬,力量,,,,,,1,1,1,1,1,,,,,,,,,,,,,,,1,1,,,1,,,,,1,,,,,1,1,,,,,,,1,,1,,,,,1,1,,,1,,,1,,1,1,,,,,,1,1,,1,,,,,1,,1,1,1,1,1,1,1,1,1,1,1,1,1,1,1,,,,,,,,,,,,,,,,,,,,,,,,,,,,,,,,,,
映姬,防御,,,,,,1,1,1,1,1,,,,,,,,,,,,,,,1,,,1,1,,,,,,,1,,,1,1,,,,,,,,,,,,,,1,1,1,1,,,,1,,1,1,1,,,,,1,1,,1,,,,,1,,1,1,1,1,1,1,1,1,1,1,1,1,1,1,1,1,1,1,1,1,1,1,1,1,1,1,1,1,1,1,1,1,1,1,1,1,1,1,1,1,1,1,1,1,1,1,1,1,1
阿求,普通,,,,,,,,,1,,,,,,1,,,,,1,,,1,,1,,1,,1,,,,,,,,1,,,1,1,,,,,,,,,1,,,,,,,,,,,,,1,1,1,1,,1,1,1,1,1,1,1,,,,1,1,1,1,1,1,1,1,1,1,1,1,1,1,1,1,1,1,1,1,1,1,1,1,1,1,1,1,1,1,1,1,1,1,1,1,1,1,1,1,1,1,1,1,1,1,1,1,1,1,1
阿求,防御,,,,,,,,1,1,,,,,1,1,,,,,1,,,1,,1,,1,,1,,,,,,,1,1,,1,1,1,,,,,,,,,1,,,,,,1,,1,,1,,,1,1,1,1,,1,1,1,1,1,1,1,,,1,1,1,1,1,1,1,1,1,1,1,1,1,1,1,1,1,1,1,1,1,1,1,1,1,1,1,1,1,1,1,1,1,1,1,1,1,1,1,1,1,1,1,1,1,1,1,1,1,1,1,1
阿求,辅助,,,,,,,,1,1,,,,,1,1,,,,,1,,1,1,,1,,1,,1,,,,,,,1,1,,1,1,1,,,,1,1,1,,,1,,,,,,,,,,1,,,1,1,1,1,,1,1,1,1,1,1,1,,,1,1,1,1,1,1,1,1,1,1,1,1,1,1,1,1,1,1,1,1,1,1,1,1,1,1,1,1,1,1,1,1,1,1,1,1,1,1,1,1,1,1,1,1,1,1,1,1,1,1,1,1
依姬,普通,,,,,,,,,1,1,,,,,,,,,,,,,,,1,,,,,,,,,1,,,,,,,,,,,,,,,,1,,,,,,,,,,,,,1,1,1,,,,,,,,,,,,,1,,,1,1,1,1,1,1,1,1,1,1,1,1,1,1,1,1,1,1,1,1,1,1,1,1,1,1,1,1,1,1,1,1,1,1,1,1,1,1,1,1,1,1,1,1,1,1,1,1
依姬,力量,,,,,,,,1,1,1,,,,,,,1,,,,,,,,1,1,,,,,,,,1,,,,,,,,,1,,,,1,,1,1,,,,,1,,,,,,,,1,1,1,,,,,,,,,,,,,1,,,1,1,1,1,1,1,1,1,1,1,1,1,1,1,1,1,1,1,1,1,1,1,1,1,1,1,1,1,1,1,1,1,1,1,1,1,1,1,1,1,1,1,1,1,1,1,1,1
依姬,速度,,,,,,,,1,1,1,,,,,,,,1,,,,,,,1,,,,,,,,,1,,,,,,,,,1,,,,,,1,1,1,,1,,,,,,,,,,1,1,1,,,,,,,,,,,,,1,,,1,1,1,1,1,1,1,1,1,1,1,1,1,1,1,1,1,1,1,1,1,1,1,1,1,1,1,1,1,1,1,1,1,1,1,1,1,1,1,1,1,1,1,1,1,1,1,1
丰姬,普通,,,,,,,,,1,1,,,,,1,,,,,,,,,,1,,,,,,,,,,,,,,,,1,,,,,,,,,1,,,,,,,,,,,1,,1,1,,,,1,,,,1,,,,,,1,,,1,1,1,1,1,1,1,1,1,1,1,1,1,1,1,1,1,1,1,1,1,1,1,1,1,1,1,1,1,1,1,1,1,1,1,1,1,1,1,1,1,1,1,1,1,1,1,1
丰姬,防御,,1,,,,,,1,1,1,,,,,1,,,,,,,,,,1,,,,,,,,,,,,,,1,,1,,,1,1,1,,1,,1,,,,,,,,,,,1,,1,1,,,,1,,,,1,,,,,,1,,,1,1,1,1,1,1,1,1,1,1,1,1,1,1,1,1,1,1,1,1,1,1,1,1,1,1,1,1,1,1,1,1,1,1,1,1,1,1,1,1,1,1,1,1,1,1,1,1
丰姬,力量,,1,,,,,,1,1,1,,,,,1,,,,,,,,,,1,,,,,,,,,,,,,,1,,1,,,1,1,,,,,1,,,,,,,,,,,1,,1,1,,,,1,,,,1,,,,,,1,,,1,1,1,1,1,1,1,1,1,1,1,1,1,1,1,1,1,1,1,1,1,1,1,1,1,1,1,1,1,1,1,1,1,1,1,1,1,1,1,1,1,1,1,1,1,1,1,1
玉兔,普通,,,,,,,,,1,1,,,,,1,,,,,1,,,,1,1,,1,,,,,,,1,1,,,,,1,1,,,,,,,,,1,,1,,,,,,,,,,,1,1,1,1,,1,1,1,1,1,1,1,,,,1,1,1,1,1,1,1,1,1,1,1,1,1,1,1,1,1,1,1,1,1,1,1,1,1,1,1,1,1,1,1,1,1,1,1,1,1,1,1,1,1,1,1,1,1,1,1,1,1,1,1
玉兔,速度,1,1,1,1,1,1,1,1,1,1,1,,,,1,,,,,1,,,1,1,1,,1,1,,,,,,1,1,,,1,1,1,1,,1,1,1,,,,,1,1,1,,,1,,,1,,1,1,1,1,1,1,1,,1,1,1,1,1,1,1,,,,1,1,1,1,1,1,1,1,1,1,1,1,1,1,1,1,1,,,,,,,,,,,,,,,,,,,,,,,,,,,,,,,,,,
玉兔,力量,1,1,1,1,1,1,1,1,1,1,,,,,1,,,,,1,,,1,1,1,,1,1,,1,,,,1,1,,1,1,1,1,1,,1,1,,,,,,1,1,1,,,,,,,,1,,,1,1,1,1,,1,1,1,1,1,1,1,,,,1,1,1,1,1,1,1,1,1,1,1,1,1,1,1,1,1,,,,,,,,,,,,,,,,,,,,,,,,,,,,,,,,,,
静叶,普通,,,,,,,,,1,1,,,,,1,,,1,,,,1,,,1,,,,,,,,,,,,,,,1,1,,,,,,,,,1,,,,,,,,,,,,,1,1,1,1,,,1,1,1,1,,,,,,1,1,,1,1,1,1,1,1,1,1,1,1,1,1,1,1,1,1,1,1,1,1,1,1,1,1,1,1,1,1,1,1,1,1,1,1,1,1,1,1,1,1,1,1,1,1,1,1,1,1
静叶,速度,,,1,1,,,1,1,1,1,,,,1,1,1,1,1,,,,1,,,1,1,,,,,1,,,,,,,,1,1,1,,,,1,1,1,1,,1,,,,,,,,,,,,,1,1,1,1,,,1,1,1,1,,1,,,1,1,1,,1,1,1,1,1,1,1,1,1,1,1,1,1,1,1,1,1,1,1,1,1,1,1,1,1,1,1,1,1,1,1,1,1,1,1,1,1,1,1,1,1,1,1,1,1,1,1,1
静叶,力量,,,1,1,,,1,1,1,1,,,,1,1,,1,1,,,1,1,1,,1,1,,,,,1,,,,,,,,1,1,1,,,,1,1,1,1,,1,,,,,,,,,,,,,1,1,1,1,,,1,1,1,1,,,,,1,1,1,,1,1,1,1,1,1,1,1,1,1,1,1,1,1,1,1,1,1,1,1,1,1,1,1,1,1,1,1,1,1,1,1,1,1,1,1,1,1,1,1,1,1,1,1,1,1,1,1
穰子,普通,,,,,,,,,1,1,,,,,1,,,,,,,1,,,1,,,,,,,,,,,,,,,1,1,,,,,,,,,1,,,,,,,,,,,,,1,1,1,1,,,1,1,1,1,,,,,,1,1,1,1,1,1,1,1,1,1,1,1,1,1,1,1,1,1,1,1,1,1,1,1,1,1,1,1,1,1,1,1,1,1,1,1,1,1,1,1,1,1,1,1,1,1,1,1,1,1,1
穰子,力量,,,1,,,1,,1,1,1,,,,1,1,,,,,,,1,,,1,,,,,,,,,,,,,,1,1,1,,,,,1,1,,1,1,,,,1,,,1,1,,,,,1,1,1,1,,,1,1,1,1,,,,,1,1,1,1,1,1,1,1,1,1,1,1,1,1,1,1,1,1,1,1,1,1,1,1,1,1,1,1,1,1,1,1,1,1,1,1,1,1,1,1,1,1,1,1,1,1,1,1,1,1,1,1
穰子,防御,,,1,,,1,,1,1,1,,,,1,1,,,,,,,1,,,1,,,,,,,,,,,,,,1,1,1,,,,,1,1,1,,1,,,,,,,1,1,,,,,1,1,1,1,,,1,1,1,1,,,,,1,1,1,1,1,1,1,1,1,1,1,1,1,1,1,1,1,1,1,1,1,1,1,1,1,1,1,1,1,1,1,1,1,1,1,1,1,1,1,1,1,1,1,1,1,1,1,1,1,1,1,1
雏,普通,,,,,,,,,1,1,,,,,1,,,,,,,,1,,,,1,,1,,,,,,,,,,,1,1,,,,,,,,,1,,,,,,,,,,,,,1,1,1,,,,1,1,1,1,1,1,,,1,1,1,,1,1,1,1,1,1,1,1,1,1,1,1,1,1,1,1,1,1,1,1,1,1,1,1,1,1,1,1,1,1,1,1,1,1,1,1,1,1,1,1,1,1,1,1,1,1,1,1
雏,防御,1,,1,,,,1,1,1,1,1,1,,1,1,,,,,,,,1,,,,1,1,1,1,,,,,,1,1,,1,1,1,1,1,,1,,,,,1,,,1,,1,1,1,,,1,,1,1,1,1,,1,,1,1,1,1,1,1,,,1,1,1,,1,1,1,1,1,1,1,1,1,1,1,1,1,1,,,,,,,,,,,,,,,,,,,,,,,,,,,,,,,,,,
雏,辅助,1,,1,,,,1,1,1,1,1,1,,1,1,,,,,,,,1,,,,1,1,1,1,,,,,,1,1,,1,1,1,,,,1,,,,,1,,,,,1,1,,,,1,,1,1,1,1,,1,,1,1,1,1,1,1,,1,1,1,1,,1,1,1,1,1,1,1,1,1,1,1,1,1,1,,,,,,,,,,,,,,,,,,,,,,,,,,,,,,,,,,
荷取,普通,,,,,,,,,1,1,,,,,1,,,,,1,,,,1,,,,,,,,,,1,,,,,,1,1,,,,,,,,,1,,1,,,,,,,,,,,1,1,1,1,,1,,1,1,1,1,1,,,,1,1,1,1,1,1,1,1,1,1,1,1,1,1,1,1,1,1,1,1,1,1,1,1,1,1,1,1,1,1,1,1,1,1,1,1,1,1,1,1,1,1,1,1,1,1,1,1,1,1,1
荷取,力量,,1,,,1,,,1,1,1,,,1,,1,,,,1,1,,,,1,,,,,,,,,,1,,,,,1,1,1,,,1,1,,,,1,1,1,1,,,,,,,,,1,,1,1,1,1,,1,,1,1,1,1,1,,,,1,1,1,1,1,1,1,1,1,1,1,1,1,1,1,1,1,,,,,,,,,,,,,,,,,,,,,,,,,,,,,,,,,,
荷取,速度,,1,,,1,,,1,1,1,,,1,,1,,,,1,1,,,,1,,,,,,,,,,1,,,,,1,1,1,,,1,1,,,,1,1,1,1,1,,,,1,,,,1,,1,1,1,1,,1,,1,1,1,1,1,,,1,1,1,1,1,1,1,1,1,1,1,1,1,1,1,1,1,1,,,,,,,,,,,,,,,,,,,,,,,,,,,,,,,,,,
椛,普通,,,,,,,,,1,1,,,,,,,,1,,,,,,,,,1,,,,,,,1,,,,,,1,1,,,,,,,,,,,,,,,,,,,,,,1,1,1,,,,,1,1,1,,,,,,1,,,1,1,1,1,1,1,1,1,1,1,1,1,1,1,1,1,1,1,1,1,1,1,1,1,1,1,1,1,1,1,1,1,1,1,1,1,1,1,1,1,1,1,1,1,1,1,1,1
椛,速度,,,,,,,,1,1,1,,,,,,,,1,,,,,,,,,1,,,,,,,1,,,,,,1,1,,,,,,,,,,,,,,,,,,,,,,1,1,1,,,,,1,1,1,,,,,,1,,,1,1,1,1,1,1,1,1,1,1,1,1,1,1,1,1,1,1,1,1,1,1,1,1,1,1,1,1,1,1,1,1,1,1,1,1,1,1,1,1,1,1,1,1,1,1,1,1
椛,防御,,,,,,,,1,1,1,,,,,,1,1,1,,,,,,,,,1,,,,,1,1,1,1,,,,,1,1,,,,,,,1,,,,,,,,,,,,,,,1,1,1,,,,1,1,1,1,,,,,,1,,,1,1,1,1,1,1,1,1,1,1,1,1,1,1,1,1,1,1,1,1,1,1,1,1,1,1,1,1,1,1,1,1,1,1,1,1,1,1,1,1,1,1,1,1,1,1,1,1
早苗,普通,,,,,,,,,1,1,,,,,1,,,,,,,1,,,1,,,,,,,,,,,,,,,1,,,,,,,,,,1,,,,,,,,,,,,,1,1,,,,,1,1,1,1,,,,,,1,1,1,1,1,1,1,1,1,1,1,1,1,1,1,1,1,1,1,1,1,1,1,1,1,1,1,1,1,1,1,1,1,1,1,1,1,1,1,1,1,1,1,1,1,1,1,1,1,1,1
早苗,力量,,1,,1,,,,1,1,1,1,,1,,1,,,,,,,1,,,1,1,,,,,,,,,,,,,1,1,,,,1,1,,1,,,1,,,,1,1,,,,,1,,,1,1,,,,,1,1,1,1,1,,,,,1,1,1,1,1,1,1,1,1,1,1,1,1,1,1,1,1,1,1,1,1,1,1,1,1,1,1,1,1,1,1,1,1,1,1,1,1,1,1,1,1,1,1,1,1,1,1,1,1,1,1
早苗,速度,,1,,1,,,,1,1,1,,,,,1,,,,,,,1,,,1,1,,,,,,,,,,,1,,1,1,,,,,,,1,1,,1,,,,,,,,,,,,,1,1,,,,,1,1,1,1,,,,,,1,1,1,1,1,1,1,1,1,1,1,1,1,1,1,1,1,1,1,1,1,1,1,1,1,1,1,1,1,1,1,1,1,1,1,1,1,1,1,1,1,1,1,1,1,1,1,1,1,1,1
神奈子,普通,,,,,,,,,1,1,,,,,1,,,1,,,,1,,,,,,,,,,,,,,,,,,,,,,,,,,,,1,,,,,,,,,,,,,1,1,1,,,,1,,,1,,,,,,1,,1,1,1,1,1,1,1,1,1,1,1,1,1,1,1,1,1,1,1,1,1,1,1,1,1,1,1,1,1,1,1,1,1,1,1,1,1,1,1,1,1,1,1,1,1,1,1,1,1
神奈子,防御,,,1,1,,1,,1,1,1,,,,,1,1,1,1,,,1,1,,,,,,,,,,,,,,,,,,,,,1,1,,,1,1,,1,,,,,,,,,,,,,1,1,1,,,,1,,,1,,,,,,1,,1,1,1,1,1,1,1,1,1,1,1,1,1,1,1,1,1,1,1,1,1,1,1,1,1,1,1,1,1,1,1,1,1,1,1,1,1,1,1,1,1,1,1,1,1,1,1,1,1
神奈子,力量,,,1,1,,1,,1,1,1,,,,1,1,,1,1,,,1,1,,,,,,,,,,,,,,,,,,,,,1,,,,,,,1,,,,,,,,,,,,,1,1,1,,,,1,,,1,,,,,,1,,1,1,1,1,1,1,1,1,1,1,1,1,1,1,1,1,1,1,1,1,1,1,1,1,1,1,1,1,1,1,1,1,1,1,1,1,1,1,1,1,1,1,1,1,1,1,1,1,1
诹访子,普通,,,,,,,,,1,1,,,,,,,,,,,,,,,,,,,,,,,,,,,,,,1,,,,,,,,,,,,,,,,,,,,,,,1,,1,,,1,,,,1,,,,,,1,,1,1,1,1,1,1,1,1,1,1,1,1,1,1,1,1,1,1,1,1,1,1,1,1,1,1,1,1,1,1,1,1,1,1,1,1,1,1,1,1,1,1,1,1,1,1,1,1,1
诹访子,速度,,1,,,,,1,1,1,1,,,,,,1,,,1,,,,,,,,,,,,,,,,,,,,1,1,,,,1,1,,,1,,,,,,,,,1,,,,1,,1,,1,,,1,,,,1,,,,,,1,,1,1,1,1,1,1,1,1,1,1,1,1,1,1,1,1,1,1,1,1,1,1,1,1,1,1,1,1,1,1,1,1,1,1,1,1,1,1,1,1,1,1,1,1,1,1,1,1,1
诹访子,防御,,1,,,,,1,1,1,1,,,,,,1,,,1,1,,,,,,,,,,,,,1,,,,,,1,1,,,,,,,,1,1,,,,,,,,,,,,1,,1,1,1,,,1,,1,1,1,,,,,,1,,1,1,1,1,1,1,1,1,1,1,1,1,1,1,1,1,1,1,1,1,1,1,1,1,1,1,1,1,1,1,1,1,1,1,1,1,1,1,1,1,1,1,1,1,1,1,1,1,1
衣玖,普通,,,,,,,,,1,1,,,,,,,,,,,,1,,1,1,,,,,,,,,,,,,,,1,1,,,,,,,,,1,,1,,,,,,,,,,,1,1,,1,,,1,1,1,1,1,1,,,,1,1,1,1,1,1,1,1,1,1,1,1,1,1,1,1,1,1,1,1,1,1,1,1,1,1,1,1,1,1,1,1,1,1,1,1,1,1,1,1,1,1,1,1,1,1,1,1,1,1,1
衣玖,力量,,,,1,1,1,,1,1,1,1,1,,,,,,,,,,1,,1,1,1,,,,,,,,,,,1,,1,1,1,1,1,1,,,,,,1,1,1,1,1,,,,,,,1,,1,1,,1,1,,1,1,1,1,1,1,,,,1,1,1,1,1,1,1,1,1,1,1,1,1,1,1,1,1,1,1,1,1,1,1,1,1,1,1,1,1,1,1,1,1,1,1,1,1,1,1,1,1,1,1,1,1,1,1,1,1,1,1
衣玖,速度,,,,1,1,1,,1,1,1,1,1,1,,,,,,,,,1,1,1,1,1,,,,,,,,,,,1,,1,1,1,1,1,,,,,,,1,1,1,1,,,,,,,,,,1,1,,1,1,,1,1,1,1,1,1,,,,1,1,1,1,1,1,1,1,1,1,1,1,1,1,1,1,1,1,1,1,1,1,1,1,1,1,1,1,1,1,1,1,1,1,1,1,1,1,1,1,1,1,1,1,1,1,1,1,1,1,1
天子,普通,,,,,,,,,1,1,,,,,,,,1,,,,,,,1,,,,,,,,,,,,,,,,,,,,,,,,,,,,,,,,,,,,,,1,1,1,,,1,,1,,1,,,,,,1,,1,1,1,1,1,1,1,1,1,1,1,1,1,1,1,1,1,1,1,1,1,1,1,1,1,1,1,1,1,1,1,1,1,1,1,1,1,1,1,1,1,1,1,1,1,1,1,1,1
天子,力量,1,,,,,,,1,1,1,,,,,,1,1,1,,1,,,,,1,,,,,,,,,1,,,,,,,,,,,,1,,1,,,,,,,,,,,,,,,1,1,1,,,1,,1,,1,,,,,,1,,1,1,1,1,1,1,1,1,1,1,1,1,1,1,1,1,1,1,1,1,1,1,1,1,1,1,1,1,1,1,1,1,1,1,1,1,1,1,1,1,1,1,1,1,1,1,1,1,1
天子,防御,1,,,,,,,1,1,1,,,,,,1,1,1,,,,,,,1,1,,,,,,,,1,,,,,,,,,,,,1,,1,,,,,,1,,,,,,,,,1,1,1,,,1,,1,,1,,,,,1,1,,1,1,1,1,1,1,1,1,1,1,1,1,1,1,1,1,1,1,1,1,1,1,1,1,1,1,1,1,1,1,1,1,1,1,1,1,1,1,1,1,1,1,1,1,1,1,1,1,1
琪斯美,普通,,,,,,,,,1,1,1,,,,1,,,1,,,,1,,,,,,,1,,,,,,,,,,,,,,,,,,,,,1,,,,,,,,,,,,,1,1,1,1,,1,,1,1,1,,,1,1,,1,,1,1,1,1,1,1,1,1,1,1,1,1,1,1,1,1,1,1,1,1,1,1,1,1,1,1,1,1,1,1,1,1,1,1,1,1,1,1,1,1,1,1,1,1,1,1,1,1,1
琪斯美,辅助,1,1,,,,,1,1,1,1,1,1,,1,1,,,1,1,,,1,,,,,,1,1,,,,,,,,1,,1,,,1,1,1,1,1,1,,,1,,,,,1,1,1,1,,1,1,,1,1,1,1,1,1,,1,1,1,,,1,1,1,1,,1,1,1,1,1,1,1,1,1,1,1,1,1,1,1,1,1,1,1,1,1,1,1,1,1,1,1,1,1,1,1,1,1,1,1,1,1,1,1,1,1,1,1,1,1,1,1,1,1
琪斯美,防御,1,1,,,,,1,1,1,1,1,,1,1,1,,,1,1,,,1,,,,,,1,1,,,,,,,,1,,1,,,1,1,1,1,1,1,,,1,,,,,1,1,1,1,,1,1,,1,1,1,1,1,1,,1,1,1,,,1,1,1,1,,1,1,1,1,1,1,1,1,1,1,1,1,1,1,1,1,1,1,1,1,1,1,1,1,1,1,1,1,1,1,1,1,1,1,1,1,1,1,1,1,1,1,1,1,1,1,1,1,1
山女,普通,,,,,,,,,1,1,,,,,1,,,1,,,,,,,,,1,1,1,1,,,,,,,,,,,1,,,,,,,,,1,,,,,,,,,,,,,1,1,1,1,,,,1,1,1,,1,,,1,1,1,1,1,1,1,1,1,1,1,1,1,1,1,1,1,1,1,1,1,1,1,1,1,1,1,1,1,1,1,1,1,1,1,1,1,1,1,1,1,1,1,1,1,1,1,1,1,1,1,1
山女,力量,,1,1,,,,1,1,1,1,1,,,,1,,1,1,,,,,,,,,1,1,1,1,1,,,,,,,1,1,,1,1,1,,,,1,1,,1,,,,,,1,1,1,,,,1,1,1,1,1,,1,,1,1,1,,1,,,1,1,1,1,1,1,1,1,1,1,1,1,1,1,1,1,1,1,,,,,,,,,,,,,,,,,,,,,,,,,,,,,,,,,,
山女,辅助,,1,1,,,,1,1,1,1,1,,,1,1,,1,1,,,,,,,,,1,1,1,1,1,,,,,,,1,1,,1,,,,,,1,1,,1,,,,,,1,,1,,,,1,1,1,1,1,,1,,1,1,1,,1,,,1,1,1,1,1,1,1,1,1,1,1,1,1,1,1,1,1,1,1,1,1,1,1,1,1,1,1,1,1,1,1,1,1,1,1,1,1,1,1,1,1,1,1,1,1,1,1,1,1,1,1,1
帕露西,普通,,,,,,,,,1,1,,,,,1,,,,,,,1,,,,,,,1,,,,,,,,,,,,,,,,,,,,,,,,,,,,,,,,,,1,1,1,,,1,,1,1,1,,1,,,,1,1,1,1,1,1,1,1,1,1,1,1,1,1,1,1,1,1,1,1,1,1,1,1,1,1,1,1,1,1,1,1,1,1,1,1,1,1,1,1,1,1,1,1,1,1,1,1,1,1,1
帕露西,防御,1,1,,,,,1,1,1,1,,,1,,1,,,,,,,1,,,,,,1,1,1,,,,,,,,,,,,,,,,,,,,,,,,,1,1,1,1,,,,,1,1,1,,,1,,1,1,1,,1,,1,1,1,1,1,1,1,1,1,1,1,1,1,1,1,1,1,1,1,1,1,1,1,1,1,1,1,1,1,1,1,1,1,1,1,1,1,1,1,1,1,1,1,1,1,1,1,1,1,1,1,1,1
帕露西,辅助,1,1,,,,,1,1,1,1,,,1,,1,,,,,,,1,,,,,1,1,1,1,1,,,,,,,,,,,,,,,,,,,,,,,,1,1,1,1,,,1,,1,1,1,,,1,,1,1,1,,1,,1,1,1,1,1,1,1,1,1,1,1,1,1,1,1,1,1,1,1,1,1,1,1,1,1,1,1,1,1,1,1,1,1,1,1,1,1,1,1,1,1,1,1,1,1,1,1,1,1,1,1,1,1
勇仪,普通,,,,,,,,,1,1,1,,,,,,,,,,,,,,,,,,,,,,,1,,,,,,,,,,,,,,,,,,,,,,,,,,,,,1,1,1,,,,,,,1,,,,,,1,,,1,1,1,1,1,1,1,1,1,1,1,1,1,1,1,1,1,1,1,1,1,1,1,1,1,1,1,1,1,1,1,1,1,1,1,1,1,1,1,1,1,1,1,1,1,1,1,1
勇仪,力量,,,,,,,,1,1,1,1,1,,,,1,1,1,1,,,,,,,,,,,,,1,1,1,,,,,,,,1,1,,,,,,,,,,,,,,,,1,,,,1,1,1,,,,,,,1,,,,,,1,1,,1,1,1,1,1,1,1,1,1,1,1,1,1,1,1,1,1,1,1,1,1,1,1,1,1,1,1,1,1,1,1,1,1,1,1,1,1,1,1,1,1,1,1,1,1,1,1,1
勇仪,速度,,,,,,,,1,1,1,1,,1,,,,,,,,,,,,,,,,,,,1,1,1,,,,,,,,,1,1,1,,,,,,,,,,,,,1,,,,,1,1,1,,,,,,,1,,,,,,1,,,1,1,1,1,1,1,1,1,1,1,1,1,1,1,1,1,1,1,1,1,1,1,1,1,1,1,1,1,1,1,1,1,1,1,1,1,1,1,1,1,1,1,1,1,1,1,1,1
觉,普通,,,,,,,,,,,,,,,,,,,,,,,,,,,,,,,,,,,,,,,,,,,,,,,,,,,,,,,,,,,,,,,,,,,,,,,,,,,,,,,,,,,,,,,,,,,,,,,1,1,1,1,1,1,1,1,1,1,1,1,1,1,1,1,1,1,1,1,1,1,1,1,1,1,1,1,1,1,1,1,1,1
觉,防御,,,,,,,,,1,,,,,,,,,,,,,1,,,1,1,,,1,,,,,,,1,1,,,,,,,,,,,,1,,,,,1,1,1,,,,1,1,,1,1,1,,,,,1,1,1,1,,1,1,1,1,,1,1,1,1,1,1,1,1,1,1,1,1,1,1,1,,,,,,,,,,,,,,,,,,,,,,,,,,,,,,,,,,
觉,辅助,,,,,,,,,,,,,,,,,,,,,,,,,,,,,,,,,,,,,,,,,,,,,,,,,,,,,,,,,,,,,,,,,,,,,,,,1,,,,,,,,,,,,,,,,,,,,,,,1,1,1,1,1,1,1,1,1,1,1,1,1,1,1,1,1,1,1,1,1,1,1,1,1,1,1,1,1,1,1,1,1,1
燐,普通,,,,,,,,,1,1,,,,,,,,,,,,,,,,,1,,,,,,,,,,,,,,,,,,,,,,,1,,,,,,,,,,,,,1,1,1,,1,1,1,1,1,1,,,,,,1,1,1,1,1,1,1,1,1,1,1,1,1,1,1,1,1,1,1,1,1,1,1,1,1,1,1,1,1,1,1,1,1,1,1,1,1,1,1,1,1,1,1,1,1,1,1,1,1,1,1
燐,速度,1,,,1,,,1,1,1,1,1,1,,,,,,,,,,,1,,,,1,,,,,,,,,1,,,,,,1,1,,,,,,,1,,,,1,,,,,,,,,1,1,1,,1,1,1,1,1,1,,,,,,1,1,1,1,1,1,1,1,1,1,1,1,1,1,1,1,1,1,1,1,1,1,1,1,1,1,1,1,1,1,1,1,1,1,1,1,1,1,1,1,1,1,1,1,1,1,1,1,1,1,1
燐,力量,1,,,1,,,1,1,1,1,1,1,,,,,,,,,,,1,,,,1,,,,,,,,,1,,,,,,1,1,,,,,,,1,,,,1,,,,,,,,,1,1,1,,1,1,1,1,1,1,,,,,,1,1,1,1,1,1,1,1,1,1,1,1,1,1,1,1,1,1,1,1,1,1,1,1,1,1,1,1,1,1,1,1,1,1,1,1,1,1,1,1,1,1,1,1,1,1,1,1,1,1,1
空,普通,,,,,,,,,1,1,,,,,,,,,,,,,,,1,,,,,,,,,1,,,,,,,,,,,,,,,,,,,,,,,,,,,,,1,1,,,,,1,,1,1,1,,,,,1,,,1,1,1,1,1,1,1,1,1,1,1,1,1,1,1,1,1,1,1,1,1,1,1,1,1,1,1,1,1,1,1,1,1,1,1,1,1,1,1,1,1,1,1,1,1,1,1,1
空,力量,1,,1,,,1,,1,1,1,1,1,,,,,,,,,,,,,1,,,,,,,,,1,,,,,1,,,1,1,,,1,,,,,,,,1,1,,,,,,,,1,1,,,,,1,,1,1,1,,,,,1,,,1,1,1,1,1,1,1,1,1,1,1,1,1,1,1,1,1,1,1,1,1,1,1,1,1,1,1,1,1,1,1,1,1,1,1,1,1,1,1,1,1,1,1,1,1,1,1,1
空,速度,1,,,,,1,,1,1,1,,1,,,,,,,,,,,,,1,,,,,,,,1,1,,,,,1,,,1,1,,,,,,,,,,,,,,,,1,,,,1,1,,,,,1,,1,1,1,,,,,1,,,1,1,1,1,1,1,1,1,1,1,1,1,1,1,1,1,1,1,1,1,1,1,1,1,1,1,1,1,1,1,1,1,1,1,1,1,1,1,1,1,1,1,1,1,1,1,1,1
恋,普通,,,,,,,,,1,1,,,,,,,,,,,,,,,1,,,,1,,,,,,,,,,,1,1,,,,,,,,,,,,,,,,,,,,,,1,1,1,,,,,1,1,1,,1,,,,1,,,1,1,1,1,1,1,1,1,1,1,1,1,1,1,1,1,1,1,1,1,1,1,1,1,1,1,1,1,1,1,1,1,1,1,1,1,1,1,1,1,1,1,1,1,1,1,1,1
恋,力量,,,,,,,,1,1,1,,,,1,,,,,,,,,,,1,,,,1,,,,,,,,,,1,1,1,,1,1,,,,,,,1,,,,1,,,,,1,,,1,1,1,,,,,1,1,1,,1,,,,1,1,,1,1,1,1,1,1,1,1,1,1,1,1,1,1,1,1,1,1,1,1,1,1,1,1,1,1,1,1,1,1,1,1,1,1,1,1,1,1,1,1,1,1,1,1,1,1,1,1
恋,辅助,,,,,,,,1,1,1,,,,1,,,,,,,,,,,1,,,,1,,,,,,,,,,1,1,1,,1,1,,,,,,,1,,,,1,,,,,1,,,1,1,1,,,,,1,1,1,1,1,,1,,1,,,1,1,1,1,1,1,1,1,1,1,1,1,1,1,1,1,1,1,1,1,1,1,1,1,1,1,1,1,1,1,1,1,1,1,1,1,1,1,1,1,1,1,1,1,1,1,1,1
娜兹玲,普通,,,,,,,,,1,1,,,,,1,,,1,,1,,,,,,,1,1,1,,,,,,,,,,,,1,,,,,,,,,1,,1,,,,,,,,,,,1,1,1,1,,1,1,1,1,1,,,,,,1,1,1,1,1,1,1,1,1,1,1,1,1,1,1,1,1,1,1,1,1,1,1,1,1,1,1,1,1,1,1,1,1,1,1,1,1,1,1,1,1,1,1,1,1,1,1,1,1,1,1
娜兹玲,速度,,,1,,,,,1,1,1,1,,,,1,1,,1,1,1,,,,,,,1,1,1,,1,,,,,,,,,,1,,,,,1,,1,,1,,1,,,,,,,,,,,1,1,1,1,,1,1,1,1,1,,1,,,,1,1,1,1,1,1,1,1,1,1,1,1,1,1,1,1,1,1,1,1,1,1,1,1,1,1,1,1,1,1,1,1,1,1,1,1,1,1,1,1,1,1,1,1,1,1,1,1,1,1,1
娜兹玲,防御,,,1,,,,,1,1,1,1,,,,1,1,,1,1,1,,1,,1,,,1,1,1,,1,,,,,,1,1,,,1,,,,,,,1,1,1,,1,,,,,1,1,,,,,1,1,1,1,,1,1,1,1,1,1,1,,,1,1,1,1,1,1,1,1,1,1,1,1,1,1,1,1,1,1,1,1,1,1,1,1,1,1,1,1,1,1,1,1,1,1,1,1,1,1,1,1,1,1,1,1,1,1,1,1,1,1,1,1
小伞,普通,,,,,,,,,1,1,,,,1,1,,,,,,,1,1,1,1,1,1,,,1,,,,,,,,,,1,1,,,,,,,,,1,,1,,,,,,,,,,,1,1,,,,1,1,1,1,1,1,,,1,1,1,1,1,1,1,1,1,1,1,1,1,1,1,1,1,1,1,1,1,1,1,1,1,1,1,1,1,1,1,1,1,1,1,1,1,1,1,1,1,1,1,1,1,1,1,1,1,1,1,1,1
小伞,辅助,,1,,,,1,,,1,1,,,1,1,1,,,,,,1,1,1,1,1,1,1,,,1,,,,,,,,,1,1,1,,,1,1,1,,,,1,1,1,1,,,,,,,,,,1,1,,,,1,1,1,1,1,1,,,1,1,1,1,1,1,1,1,1,1,1,1,1,1,1,1,1,1,1,1,1,1,1,1,1,1,1,1,1,1,1,1,1,1,1,1,1,1,1,1,1,1,1,1,1,1,1,1,1,1,1,1,1
小伞,速度,,1,,,,1,,,1,1,,,1,1,1,,,,,,,1,1,1,1,1,1,,,1,,,,,,,,,1,1,1,,,1,1,1,,,,1,1,1,1,1,,1,1,,,,,1,1,1,,,,1,1,1,1,1,1,,,1,1,1,1,1,1,1,1,1,1,1,1,1,1,1,1,1,1,1,1,1,1,1,1,1,1,1,1,1,1,1,1,1,1,1,1,1,1,1,1,1,1,1,1,1,1,1,1,1,1,1,1,1
一轮＆云山,普通,,,,,,,,,1,1,,,,,,,,,,1,,,,,,,,,,,,,,1,1,,,,,,,,,,,,,,,,,,,,,,,,,,,,1,1,1,,,,1,1,1,1,,,,,,1,,,1,1,1,1,1,1,1,1,1,1,1,1,1,1,1,1,1,1,1,1,1,1,1,1,1,1,1,1,1,1,1,1,1,1,1,1,1,1,1,1,1,1,1,1,1,1,1,1
一轮＆云山,力量,,,,1,1,1,,1,1,1,,,1,,,1,1,,,1,1,,,,,,,,,,,,1,1,1,,,,,,,,,,,,,,,,,,,,,,,,1,,,,1,1,1,,,,1,1,1,1,,,,,,1,,,1,1,1,1,1,1,1,1,1,1,1,1,1,1,1,1,1,1,1,1,1,1,1,1,1,1,1,1,1,1,1,1,1,1,1,1,1,1,1,1,1,1,1,1,1,1,1,1
一轮＆云山,防御,,,,1,1,1,,1,1,1,,,,,,,,,,1,1,,,,,,,,,,,,1,1,1,,,,,,,,1,1,,,,,,,,,,,,,,,1,,,,1,1,1,,,,1,1,1,1,,,,,,1,,,1,1,1,1,1,1,1,1,1,1,1,1,1,1,1,1,1,1,1,1,1,1,1,1,1,1,1,1,1,1,1,1,1,1,1,1,1,1,1,1,1,1,1,1,1,1,1,1
村纱,普通,,,,,,,,,1,1,,,,,,,,1,,1,,,1,,,,,,,1,,,,1,,,,,,,,,,,,,,,,1,,,,,,,,,,,,,1,1,,,,1,,1,1,1,,1,,,,1,1,,1,1,1,1,1,1,1,1,1,1,1,1,1,1,1,1,1,1,1,1,1,1,1,1,1,1,1,1,1,1,1,1,1,1,1,1,1,1,1,1,1,1,1,1,1,1,1,1
村纱,力量,,1,,,,,1,1,1,1,,,1,1,,,,1,1,1,,,1,,,,,,,1,,,,1,,,,,,,,,,,1,,,,,1,,,,,1,1,,,,,,,1,1,,,,1,,1,1,1,,1,,,,1,1,,1,1,1,1,1,1,1,1,1,1,1,1,1,1,1,1,1,1,1,1,1,1,1,1,1,1,1,1,1,1,1,1,1,1,1,1,1,1,1,1,1,1,1,1,1,1,1,1
村纱,防御,,1,,,,,1,1,1,1,,,1,1,,,,1,1,1,,,1,,,,,,,1,,,,1,1,1,,,,,,,,,1,,,,,1,,,,,1,1,,,,,,,1,1,,,,1,,1,1,1,,1,1,,1,1,1,,1,1,1,1,1,1,1,1,1,1,1,1,1,1,1,1,1,1,1,1,1,1,1,1,1,1,1,1,1,1,1,1,1,1,1,1,1,1,1,1,1,1,1,1,1,1,1,1
星,普通,,,,,,,,,1,1,,,,,1,,,,,,,,,,1,,,,,,,,,,,,,,,1,1,,,,,,,,,1,,1,,,,,,,,,,,1,1,,,,,1,1,1,1,1,,,,,1,1,,1,1,1,1,1,1,1,1,1,1,1,1,1,1,1,1,1,1,1,1,1,1,1,1,1,1,1,1,1,1,1,1,1,1,1,1,1,1,1,1,1,1,1,1,1,1,1,1
星,力量,,,,,1,1,,1,1,1,,,,,1,,,,,,,,,,1,1,,,,,,,,,,1,,,1,1,1,,,,,1,,,,1,1,1,1,1,,,,,,,,,1,1,,,,,1,1,1,1,1,,,,,1,1,,1,1,1,1,1,1,1,1,1,1,1,1,1,1,1,1,1,1,1,1,1,1,1,1,1,1,1,1,1,1,1,1,1,1,1,1,1,1,1,1,1,1,1,1,1,1,1,1
星,速度,,,,,1,1,,1,1,1,,,,,1,1,1,1,,,,1,,,1,1,,,,,,,,,,,,,1,1,1,,,,,,,1,,1,1,1,1,1,,,,,,,,,1,1,,,,,1,1,1,1,1,,,,,1,1,,1,1,1,1,1,1,1,1,1,1,1,1,1,1,1,1,1,1,1,1,1,1,1,1,1,1,1,1,1,1,1,1,1,1,1,1,1,1,1,1,1,1,1,1,1,1,1,1
圣,普通,,,,,,,,,1,1,,,,,,,,,,,,,,,1,,,,,,,,,1,,,,,,1,1,,,,,,,,,,,1,,,,,,,,,,,1,1,1,,,,,,,,,,,,,1,,,1,1,1,1,1,1,1,1,1,1,1,1,1,1,1,1,1,1,1,1,1,1,1,1,1,1,1,1,1,1,1,1,1,1,1,1,1,1,1,1,1,1,1,1,1,1,1,1
圣,防御,1,,,,1,1,,1,1,1,,,,,,,,,,,,,,,1,1,,,,,,1,1,1,,,,,1,1,1,,1,,,1,,,,,,1,,1,,,,,1,,,,1,1,1,,,,,,,,,,,,,1,1,,1,1,1,1,1,1,1,1,1,1,1,1,1,1,1,1,1,1,1,1,1,1,1,1,1,1,1,1,1,1,1,1,1,1,1,1,1,1,1,1,1,1,1,1,1,1,1,1
圣,速度,1,,,,1,1,,1,1,1,,,,,,1,1,,,,,,,,1,1,,,,1,,1,1,1,,,,,1,1,1,,1,,,1,,,,,,1,,1,,,,,1,,,,1,1,1,,,,,,,,,,,,,1,1,,1,1,1,1,1,1,1,1,1,1,1,1,1,1,1,1,1,1,1,1,1,1,1,1,1,1,1,1,1,1,1,1,1,1,1,1,1,1,1,1,1,1,1,1,1,1,1,1
鵺,普通,,,,,,,,,1,,,,,,,,,,,,,,1,,,,1,,1,,,,,,,,,,,,,,,,,,,,,1,,1,,,,,,,,,,,1,1,,,,1,1,1,1,1,,,,,,1,1,1,1,1,1,1,1,1,1,1,1,1,1,1,1,1,1,1,1,1,1,1,1,1,1,1,1,1,1,1,1,1,1,1,1,1,1,1,1,1,1,1,1,1,1,1,1,1,1,1
鵺,力量,,,,,,,1,1,1,,,,,,,,,,,,1,,1,,,,1,,1,,1,,,,,1,1,,1,,,,1,,,,,,,1,1,1,1,,,1,,,,1,1,,1,1,,,,1,1,1,1,1,,,,,,1,1,1,1,1,1,1,1,1,1,1,1,1,1,1,1,1,1,1,1,1,1,1,1,1,1,1,1,1,1,1,1,1,1,1,1,1,1,1,1,1,1,1,1,1,1,1,1,1,1,1
鵺,防御,,,,,,,1,1,1,,,,,,,,,,,,1,,1,,,,1,1,1,,1,,,,,1,1,,1,,,,1,,,,,,,1,1,1,,,,1,,,1,1,1,,1,1,,,,1,1,1,1,1,1,1,1,1,1,1,1,1,1,1,1,1,1,1,1,1,1,1,1,1,1,1,1,1,1,1,1,1,1,1,1,1,1,1,1,1,1,1,1,1,1,1,1,1,1,1,1,1,1,1,1,1,1,1,1,1
果,普通,,,,,,,,,1,1,,,,,,,,,,,,1,1,,,,,,,,,,,,,,,,,,,,,,,,,,,1,,,,,,,,,,,,,1,1,,1,,,1,1,1,1,,,,,,1,1,1,1,1,1,1,1,1,1,1,1,1,1,1,1,1,1,1,1,1,1,1,1,1,1,1,1,1,1,1,1,1,1,1,1,1,1,1,1,1,1,1,1,1,1,1,1,1,1,1
果,力量,,,,1,1,,,1,1,1,,,,,,,,,,,1,1,1,,,1,,,,,,,,,,,,,1,,,,,,,,,,,1,,,1,,,,,,1,1,1,,1,1,,1,,,1,1,1,1,,,,,,1,1,1,1,1,1,1,1,1,1,1,1,1,1,1,1,1,,,,,,,,,,,,,,,,,,,,,,,,,,,,,,,,,,
果,辅助,,,,1,1,,,1,1,1,,,,,,,,,,,1,1,1,,,,1,,,,,,,,,1,1,1,1,,,,,,,,,,,1,,1,1,,,,,,1,1,1,,1,1,,1,1,,1,1,1,1,1,1,,1,1,1,1,1,1,1,1,1,1,1,1,1,1,1,1,1,1,1,,,,,,,,,,,,,,,,,,,,,,,,,,,,,,,,,,
华扇,普通,,,,,,,,,1,1,,,,,,,,,,,,,,,,,,,,,,,,1,,,,,,,,,,,,,,,,1,,,,,,,,,,,,,1,1,,,,,,1,1,1,,,,,,1,,1,1,1,1,1,1,1,1,1,1,1,1,1,1,1,1,1,1,1,1,1,1,1,1,1,1,1,1,1,1,1,1,1,1,1,1,1,1,1,1,1,1,1,1,1,1,1,1,1
华扇,力量,1,,,,,1,1,1,1,1,,,,,,,1,,,,,,,,,,,,,,,1,,1,,1,1,,1,,,1,,,,,,,,1,,,,,,,,,1,1,1,,1,1,,,,,,1,1,1,,,,,,1,,1,1,1,1,1,1,1,1,1,1,1,1,1,1,1,1,1,1,1,1,1,1,1,1,1,1,1,1,1,1,1,1,1,1,1,1,1,1,1,1,1,1,1,1,1,1,1,1,1
华扇,辅助,1,,,,,1,1,1,1,1,,,,,,,1,,,,1,,,,,,,,,,,1,,1,,,,,1,,,1,,,,,,,,1,,,,,,1,1,,1,1,1,,1,1,,,,,,1,1,1,,,,,,1,,1,1,1,1,1,1,1,1,1,1,1,1,1,1,1,,,,,,,,,,,,,,,,,,,,,,,,,,,,,,,,,,
响子,普通,,,,,,,,,1,1,,,,,,,,1,,,,,,,1,,,,1,,,,,,,,,,,1,,,,,,,,,,1,,,,,,,,,,,,,1,1,,1,,1,1,1,1,1,,,,,,1,1,1,1,1,1,1,1,1,1,1,1,1,1,1,1,1,1,1,1,1,1,1,1,1,1,1,1,1,1,1,1,1,1,1,1,1,1,1,1,1,1,1,1,1,1,1,1,1,1,1
响子,力量,,,1,,,,,1,1,1,,,,,,,,1,,,,,,,1,,,,1,,,,,,,,,1,1,1,,,,1,1,1,1,,,1,,1,,,,,,,,,,1,1,1,,1,,1,1,1,1,1,,,,,,1,1,1,1,1,1,1,1,1,1,1,1,1,1,1,1,1,1,1,1,1,1,1,1,1,1,1,1,1,1,1,1,1,1,1,1,1,1,1,1,1,1,1,1,1,1,1,1,1,1,1
响子,辅助,,,1,,,,,1,1,1,,,,,,,,1,,,,,,,1,,,,1,,,,,,,,,1,1,1,,,,1,1,,,,,1,,,,,,,,,,,,,1,1,1,1,,1,1,1,1,1,1,1,,,1,1,1,1,1,1,1,1,1,1,1,1,1,1,1,1,1,1,1,1,1,1,1,1,1,1,1,1,1,1,1,1,1,1,1,1,1,1,1,1,1,1,1,1,1,1,1,1,1,1,1,1
芳香,普通,,,,,,,,,1,1,,,,,,,,,,,,,,,,,,,1,,,,,1,,,,,,,,,,,,,,,,,,,,,,,,,,,,,1,1,1,,,1,,1,1,1,,,,,1,1,,1,1,1,1,1,1,1,1,1,1,1,1,1,1,1,1,1,1,1,1,1,1,1,1,1,1,1,1,1,1,1,1,1,1,1,1,1,1,1,1,1,1,1,1,1,1,1,1,1
芳香,力量,1,,,,,,1,1,1,1,,1,,,1,,,,,1,,,,,,,,,1,,,,1,1,,,,,1,,,1,1,,1,,,,,,,,,,,1,1,1,,,,,1,1,1,,,1,,1,1,1,,,,,1,1,,1,1,1,1,1,1,1,1,1,1,1,1,1,1,1,1,1,1,1,1,1,1,1,1,1,1,1,1,1,1,1,1,1,1,1,1,1,1,1,1,1,1,1,1,1,1,1,1,1
芳香,防御,1,,,,,,1,1,1,1,,,,,1,,,,,1,,,,,,,1,,1,1,,,,1,,,,,1,,,1,1,,1,,,,,,,,,,,1,1,1,,,,,1,1,1,,,1,,1,1,1,,,1,,1,1,,1,1,1,1,1,1,1,1,1,1,1,1,1,1,1,1,1,1,1,1,1,1,1,1,1,1,1,1,1,1,1,1,1,1,1,1,1,1,1,1,1,1,1,1,1,1,1,1,1
青娥,普通,,,,,,,,,1,1,,,,,,,,,,,,,,1,,,1,,,,,,,1,,,,,,,1,,,,,,,,,,,,,,,,,,,,,,1,1,,1,,1,1,1,1,1,,1,,,1,1,1,1,1,1,1,1,1,1,1,1,1,1,1,1,1,1,1,1,1,1,1,1,1,1,1,1,1,1,1,1,1,1,1,1,1,1,1,1,1,1,1,1,1,1,1,1,1,1,1,1
青娥,速度,,,,,1,,1,1,1,1,,,,1,1,,,,,,,,,1,,,1,,,,1,,,1,1,1,,,1,,1,,,1,,1,1,,1,,,,,,1,1,1,1,,1,1,,1,1,,1,,1,1,1,1,1,,1,,1,1,1,1,1,1,1,1,1,1,1,1,1,1,1,1,1,1,1,1,1,1,1,1,1,1,1,1,1,1,1,1,1,1,1,1,1,1,1,1,1,1,1,1,1,1,1,1,1,1,1,1,1
青娥,力量,,,,,1,,1,1,1,1,,,,,,,,,,,,,,1,,,1,,,,1,,,1,1,1,,,1,,1,,,1,,,,,1,,,,,,1,1,1,1,1,1,1,,1,1,,1,,1,1,1,1,1,,1,,1,1,1,1,1,1,1,1,1,1,1,1,1,1,1,1,1,1,1,1,1,1,1,1,1,1,1,1,1,1,1,1,1,1,1,1,1,1,1,1,1,1,1,1,1,1,1,1,1,1,1,1,1
屠自古,普通,,,,,,,,,1,1,,,,,,,,,,,,,,1,,,,,1,,,,,,,,,,,1,1,,,,,,,,,,,1,,,,,,,,,,,1,1,,,,,,,,1,,,,,,1,,,1,1,1,1,1,1,1,1,1,1,1,1,1,1,1,1,1,1,1,1,1,1,1,1,1,1,1,1,1,1,1,1,1,1,1,1,1,1,1,1,1,1,1,1,1,1,1,1
屠自古,速度,,,,,1,,,,1,1,,,,,,,,,,,1,,,1,1,1,1,,1,,,,,,,,,,1,1,1,,,,,,,,,,1,1,1,,,,,,,,,,1,1,,,,,,,,1,,,,,,1,,,1,1,1,1,1,1,1,1,1,1,1,1,1,1,1,1,1,1,1,1,1,1,1,1,1,1,1,1,1,1,1,1,1,1,1,1,1,1,1,1,1,1,1,1,1,1,1,1
屠自古,防御,,,,,1,,,,1,1,,,,,,,,,,,1,,,1,,,,,1,,,,,,,,,,1,1,1,1,1,,,1,,,,1,1,1,1,,1,1,1,,1,,,,1,1,,,1,,1,,,1,1,1,,,,1,1,1,1,1,1,1,1,1,1,1,1,1,1,1,1,1,1,1,1,1,1,1,1,1,1,1,1,1,1,1,1,1,1,1,1,1,1,1,1,1,1,1,1,1,1,1,1,1,1,1
布都,普通,,,,,,,,,1,1,,,,,,,,,,,,,,,,,1,,,,,,,,,,,,,,1,,,,,,,,,1,,,,,,,,,,,,,1,1,1,1,1,,1,1,1,1,1,1,,,,1,1,1,1,1,1,1,1,1,1,1,1,1,1,1,1,1,1,1,1,1,1,1,1,1,1,1,1,1,1,1,1,1,1,1,1,1,1,1,1,1,1,1,1,1,1,1,1,1,1,1
布都,速度,1,1,,1,,,,1,1,1,,,1,,,,,,,,1,1,1,,,,1,,,,1,,,,,,,,1,,1,,1,1,1,,,,,1,,,,,,,,,,1,,,1,1,1,1,1,,1,1,1,1,1,1,,,,1,1,1,1,1,1,1,1,1,1,1,1,1,1,1,1,1,1,1,1,1,1,1,1,1,1,1,1,1,1,1,1,1,1,1,1,1,1,1,1,1,1,1,1,1,1,1,1,1,1,1
布都,力量,1,1,,1,,,,1,1,1,1,1,,,,1,1,1,,,,,,,,,1,,,,1,,,,,,,,1,,1,1,1,1,,,,1,,1,,,,,,,,,,1,,,1,1,1,1,1,,1,1,1,1,1,1,,,,1,1,1,1,1,1,1,1,1,1,1,1,1,1,1,1,1,1,1,1,1,1,1,1,1,1,1,1,1,1,1,1,1,1,1,1,1,1,1,1,1,1,1,1,1,1,1,1,1,1,1
神子,普通,,,,,,,,,1,1,,,,,,,,,,,,,,,,,,,,,,,1,,,,,,,1,1,,,,,,,,,1,,,,,,,,,,,,,1,1,,,,,,,,1,1,,,,,1,,1,1,1,1,1,1,1,1,1,1,1,1,1,1,1,1,1,1,1,1,1,1,1,1,1,1,1,1,1,1,1,1,1,1,1,1,1,1,1,1,1,1,1,1,1,1,1,1,1
神子,速度,1,,,,1,1,,1,1,1,,,,,,,,1,,,,,,,,1,,,1,,,,1,,,,,,1,1,1,,,,,,,,,1,,,,,,,,,,,,1,1,1,,,,,,,,1,1,,,,,1,,1,1,1,1,1,1,1,1,1,1,1,1,1,1,1,1,1,1,1,1,1,1,1,1,1,1,1,1,1,1,1,1,1,1,1,1,1,1,1,1,1,1,1,1,1,1,1,1,1
神子,力量,1,,1,,,1,,1,1,1,,,,,,,,1,,,,,,,,1,,,1,1,,,1,,,,,1,1,1,1,1,1,,,,,,,1,1,1,,,,,,,,,,1,1,1,,,,,,,,1,1,,,,,1,,1,1,1,1,1,1,1,1,1,1,1,1,1,1,1,1,1,1,1,1,1,1,1,1,1,1,1,1,1,1,1,1,1,1,1,1,1,1,1,1,1,1,1,1,1,1,1,1,1
猯藏,普通,,,,,,,,,1,1,,,,,1,,,1,,,,,1,,,,,,1,,,,,,,,,,,,,,,,,,,,,,,,,,,,,,,,,,1,1,,,,,1,1,,1,,,,,,1,1,,1,1,1,1,1,1,1,1,1,1,1,1,1,1,1,1,1,1,1,1,1,1,1,1,1,1,1,1,1,1,1,1,1,1,1,1,1,1,1,1,1,1,1,1,1,1,1,1
猯藏,防御,,1,1,,,1,,1,1,1,,,,1,1,,,1,1,,,,1,,,,1,,1,,,,,,1,,1,,1,,,,,,,1,1,1,,,,,,,,,,,,1,1,,1,1,,,,,1,1,,1,,,,,1,1,1,,1,1,1,1,1,1,1,1,1,1,1,1,1,1,1,1,1,1,1,1,1,1,1,1,1,1,1,1,1,1,1,1,1,1,1,1,1,1,1,1,1,1,1,1,1,1,1,1
猯藏,力量,,1,1,,,1,,1,1,1,,,,,1,1,,1,1,,,,1,,,,,1,1,,,,,,,,1,,1,,,,,,,,,1,,,,,,1,,,,,,1,1,,1,1,,,,,1,1,,1,,,,1,,1,1,,1,1,1,1,1,1,1,1,1,1,1,1,1,1,1,1,1,1,1,1,1,1,1,1,1,1,1,1,1,1,1,1,1,1,1,1,1,1,1,1,1,1,1,1,1,1,1,1
小铃,普通,1,1,1,1,1,1,1,1,1,1,1,1,1,1,1,1,1,1,1,1,1,1,1,1,1,1,1,1,1,1,1,1,1,1,1,1,1,1,1,1,1,1,1,1,1,1,1,1,1,1,1,1,1,1,1,1,1,1,1,1,1,1,1,1,1,1,1,1,1,1,1,1,1,1,1,1,1,1,1,1,1,1,1,1,1,1,1,1,1,1,1,1,1,1,1,1,1,1,1,1,1,1,1,1,1,1,1,1,1,1,1,1,1,1,1,1,1,1,1,1,1,1,1,1,1,1,1,1
小铃,防御,1,1,1,1,1,1,1,1,1,1,1,1,1,1,1,1,1,1,1,1,1,1,1,1,1,1,1,1,1,1,1,1,1,1,1,1,1,1,1,1,1,1,1,1,1,1,1,1,1,1,1,1,1,1,1,1,1,1,1,1,1,1,1,1,1,1,1,1,1,1,1,1,1,1,1,1,1,1,1,1,1,1,1,1,1,1,1,1,1,1,1,1,1,1,1,1,1,1,1,1,1,1,1,1,1,1,1,1,1,1,1,1,1,1,1,1,1,1,1,1,1,1,1,1,1,1,1,1
小铃,辅助,1,1,1,1,1,1,1,1,1,1,1,1,1,1,1,1,1,1,1,1,1,1,1,1,1,1,1,1,1,1,1,1,1,1,1,1,1,1,1,1,1,1,1,1,1,1,1,1,1,1,1,1,1,1,1,1,1,1,1,1,1,1,1,1,1,1,1,1,1,1,1,1,1,1,1,1,1,1,1,1,1,1,1,1,1,1,1,1,1,1,1,1,1,1,,,,,,,,,,,,,,,,,,,,,,,,,,,,,,,,,,
心,普通,,,,,,,,,1,1,,,,,1,,,1,,,,1,,,1,,,,,,,,,,,,,,,1,1,,,,,,,,,1,,,,,,,,,,,,,1,1,1,,,,1,1,1,1,,,,,,1,,,1,1,1,1,1,1,1,1,1,1,1,1,1,1,1,1,1,1,1,1,1,1,1,1,1,1,1,1,1,1,1,1,1,1,1,1,1,1,1,1,1,1,1,1,1,1,1,1
心,防御,,,,,,1,1,1,1,1,,1,,,1,,,1,,,,1,,,1,1,,,,,,,,1,1,,,1,1,1,1,1,,,,,,,,1,,,,,,,,,,,,,1,1,1,,,,1,1,1,1,,,,,,1,,,1,1,1,1,1,1,1,1,1,1,1,1,1,1,1,1,1,1,1,1,1,1,1,1,1,1,1,1,1,1,1,1,1,1,1,1,1,1,1,1,1,1,1,1,1,1,1,1
心,力量,,,,,,1,1,1,1,1,,1,,,1,,,1,,,,1,,,1,1,,,,,,,,,,,,1,1,1,1,1,,,,,,,,1,,,1,1,,1,,,1,,,,1,1,1,,,,1,1,1,1,1,,,,,1,,,1,1,1,1,1,1,1,1,1,1,1,1,1,1,1,1,1,1,1,1,1,1,1,1,1,1,1,1,1,1,1,1,1,1,1,1,1,1,1,1,1,1,1,1,1,1,1,1
若鹭姬,普通,,,,,,,,,1,,,,,,,,,,,,,,,,1,,,,,,,,,,,,,,,1,,,,,1,,,,,,,,,,,,,,,,,,1,1,,,,,,1,1,1,,,,,,1,1,,1,1,1,1,1,1,1,1,1,1,1,1,1,1,1,1,1,1,1,1,1,1,1,1,1,1,1,1,1,1,1,1,1,1,1,1,1,1,1,1,1,1,1,1,1,1,1,1
若鹭姬,力量,,1,1,,,,,,1,,,,1,,,,,1,,,,,,,1,,,,,,,,,,,,,,1,1,,,,1,1,,,1,,,,,,,,,,,,,,,1,1,,,,1,,1,1,1,,,,1,,1,1,,1,1,1,1,1,1,1,1,1,1,1,1,1,1,1,1,1,1,1,1,1,1,1,1,1,1,1,1,1,1,1,1,1,1,1,1,1,1,1,1,1,1,1,1,1,1,1,1
若鹭姬,速度,,1,1,,,,,,1,,,,1,,,,,1,,,,,,,1,,,,,,,,,,,,,,1,1,,,,1,1,,1,1,,,,,,,,,,,,,,1,1,1,,1,,1,1,1,1,1,,,,,,1,1,,1,1,1,1,1,1,1,1,1,1,1,1,1,1,1,1,1,1,1,1,1,1,1,1,1,1,1,1,1,1,1,1,1,1,1,1,1,1,1,1,1,1,1,1,1,1,1,1
赤蛮奇,普通,,,,,,,,,1,,,,,,,1,,1,,,,,,,,,1,1,,,,,,1,,,,,1,,1,,,,,,,,,1,,,,,,,,,,,,,1,1,,,,,,1,1,1,,,,1,,1,,,1,1,1,1,1,1,1,1,1,1,1,1,1,1,1,1,1,1,1,1,1,1,1,1,1,1,1,1,1,1,1,1,1,1,1,1,1,1,1,1,1,1,1,1,1,1,1,1
赤蛮奇,力量,1,,,1,,,1,,1,1,,,,,,1,,1,,,,,1,,,,1,1,1,,,,,1,,,,,1,,1,,,,,,,,,1,,,,,1,1,,,,,,,1,1,,,,,,1,1,1,,,,1,,1,1,1,1,1,1,1,1,1,1,1,1,1,1,1,1,1,1,1,1,1,1,1,1,1,1,1,1,1,1,1,1,1,1,1,1,1,1,1,1,1,1,1,1,1,1,1,1,1,1,1
赤蛮奇,辅助,1,,,1,,,1,,1,1,,,,,,1,,,,,,,,,,,1,1,1,,,,,,,,,,1,,1,,,,,,,,1,1,,,,,1,1,1,1,,,1,,1,1,1,,1,,,1,1,1,,,,1,,1,1,1,1,1,1,1,1,1,1,1,1,1,1,1,1,1,,,,,,,,,,,,,,,,,,,,,,,,,,,,,,,,,,
影狼,普通,,,,,,,1,,1,,,,,,,,,,,,,1,,,,,1,,,,,,,,,,,,,1,1,,,,,,,,,1,,,,,,,,,,,,,1,1,,,,,,1,1,1,,,,,,1,,,1,1,1,1,1,1,1,1,1,1,1,1,1,1,1,1,1,1,1,1,1,1,1,1,1,1,1,1,1,1,1,1,1,1,1,1,1,1,1,1,1,1,1,1,1,1,1,1
影狼,速度,,,1,1,,,1,1,1,,,,,,,,,1,,,,1,1,,,,1,,,,,,,,,,,,,1,1,,,,,,1,1,,1,,1,,,,,,,,,,,1,1,,,,,,1,1,1,,,,,,1,,,1,1,1,1,1,1,1,1,1,1,1,1,1,1,1,1,1,1,1,1,1,1,1,1,1,1,1,1,1,1,1,1,1,1,1,1,1,1,1,1,1,1,1,1,1,1,1,1
影狼,力量,,,1,1,,,1,1,1,,,,,,,1,1,1,,,,1,,,,,1,,,,,,1,,,,,,,1,1,,,,,,,,,1,,,,,,,,,,,,,1,1,,,,,,1,1,1,,,,,,1,,,1,1,1,1,1,1,1,1,1,1,1,1,1,1,1,1,1,1,1,1,1,1,1,1,1,1,1,1,1,1,1,1,1,1,1,1,1,1,1,1,1,1,1,1,1,1,1,1
弁弁,普通,,,,,,,,,1,1,,,,,1,,,,,1,,,,,,,1,,,,,,,,,,1,,1,,,,,,,,,,,1,,,,,,,,,,,,,1,1,1,1,,1,1,1,1,1,1,,,,,1,1,1,1,1,1,1,1,1,1,1,1,1,1,1,1,1,1,1,1,1,1,1,1,1,1,1,1,1,1,1,1,1,1,1,1,1,1,1,1,1,1,1,1,1,1,1,1,1,1,1
弁弁,力量,,1,1,1,1,,1,1,1,1,,,,,1,,,,1,1,,,,1,,1,1,,,1,,,,,,,1,1,1,,,,,,,,,,,1,,1,,,,,,,,,1,,1,1,1,1,,1,1,1,1,1,1,1,1,1,1,1,1,1,1,1,1,1,1,1,1,1,1,1,1,1,1,1,1,1,1,1,1,1,1,1,1,1,1,1,1,1,1,1,1,1,1,1,1,1,1,1,1,1,1,1,1,1,1,1,1,1
弁弁,防御,,1,1,1,1,,1,1,1,1,,,,1,1,,,,1,1,,,,,,1,1,,,1,,,,,,1,1,1,1,,,,,,,,,,,1,,1,,,,,,,,,1,,1,1,1,1,1,1,1,1,1,1,1,1,1,1,,1,1,1,1,1,1,1,1,1,1,1,1,1,1,1,1,1,1,1,1,1,1,1,1,1,1,1,1,1,1,1,1,1,1,1,1,1,1,1,1,1,1,1,1,1,1,1,1,1,1,1
八桥,普通,,,,,,,,,1,1,,,,,,,,,,,,,,1,,,1,,,,,,,,,,,,1,1,1,,,,,,,,,1,,,,,,,,,,,1,,1,1,1,1,,1,1,1,1,1,1,,,,,1,1,1,1,1,1,1,1,1,1,1,1,1,1,1,1,1,1,1,1,1,1,1,1,1,1,1,1,1,1,1,1,1,1,1,1,1,1,1,1,1,1,1,1,1,1,1,1,1,1,1
八桥,速度,,1,1,1,1,,1,,1,1,,,,,,,,,,,,1,,1,,,1,,,1,,,,,1,,,,1,1,1,,,,1,1,,,,1,1,1,,,,1,,1,1,,1,1,1,1,1,1,,1,1,1,1,1,1,1,1,1,1,1,1,1,1,1,1,1,1,1,1,1,1,1,1,1,1,1,1,1,1,1,1,1,1,1,1,1,1,1,1,1,1,1,1,1,1,1,1,1,1,1,1,1,1,1,1,1,1,1,1,1
八桥,防御,,1,1,1,1,,1,,1,1,,,,,,,,,,,,1,,1,,,1,,,,,,,,1,,1,,1,1,1,,,,1,1,1,,,1,,,,,,1,,1,,,1,1,1,1,1,1,1,1,1,1,1,1,1,1,1,1,,1,1,1,1,1,1,1,1,1,1,1,1,1,1,1,1,1,1,1,1,1,1,1,1,1,1,1,1,1,1,1,1,1,1,1,1,1,1,1,1,1,1,1,1,1,1,1,1,1,1,1
正邪,普通,,,,,,,,,1,1,,,,,1,,,,,,,,,,,,1,,,,1,,,1,,,,,,1,,,,,,,,,,,,,,,,,,,,,,,1,1,1,,,,,1,1,1,,1,,,1,1,1,1,1,1,1,1,1,1,1,1,1,1,1,1,1,1,1,1,1,1,1,1,1,1,1,1,1,1,1,1,1,1,1,1,1,1,1,1,1,1,1,1,1,1,1,1,1,1,1,1
正邪,速度,1,,1,,,,1,1,1,1,1,1,,1,1,,,,,,,,,,,,1,,,1,1,,,1,,,,,,1,,,1,,,,,,,,,,,,,,,1,,,,,1,1,1,,,,,1,1,1,,1,,,1,1,1,1,1,1,1,1,1,1,1,1,1,1,1,1,1,1,1,1,1,1,1,1,1,1,1,1,1,1,1,1,1,1,1,1,1,1,1,1,1,1,1,1,1,1,1,1,1,1,1,1
正邪,防御,1,,1,,,,1,1,1,1,,1,,1,1,,,,,,,,,,,,1,,,,1,,,1,,,,,,1,,,1,,,,,,,,,,,,1,,,1,,,,,1,1,1,,,1,,1,1,1,,1,1,,1,1,1,1,1,1,1,1,1,1,1,1,1,1,1,1,1,1,1,1,1,1,1,1,1,1,1,1,1,1,1,1,1,1,1,1,1,1,1,1,1,1,1,1,1,1,1,1,1,1,1,1
针妙丸,普通,,,,,,,,,1,1,,,,,,,,,,,,,,,,,,,,,,,,,,,,,,1,1,,,,,,,,,,,,,,,,,,,,,,1,1,,,,,,1,1,1,,,,,1,1,,,1,1,1,1,1,1,1,1,1,1,1,1,1,1,1,1,1,1,1,1,1,1,1,1,1,1,1,1,1,1,1,1,1,1,1,1,1,1,1,1,1,1,1,1,1,1,1,1
针妙丸,防御,,,,,,,,1,1,1,,,,,,1,1,,,,,,,,,,,,,,,,,1,,,,,,1,1,1,,,,,,1,1,,,,,,,,,,,,,,1,1,,,,,,1,1,1,,,,,1,1,1,,1,1,1,1,1,1,1,1,1,1,1,1,1,1,1,1,1,1,1,1,1,1,1,1,1,1,1,1,1,1,1,1,1,1,1,1,1,1,1,1,1,1,1,1,1,1,1,1
针妙丸,力量,,,,,,,,1,1,1,,,1,,,,,,,1,,,,,,,,,,,,1,,1,1,,,,,1,1,1,,,,,,,1,,,,,,,,,,1,,,,1,1,,,,,,1,1,1,,,,,1,1,1,,1,1,1,1,1,1,1,1,1,1,1,1,1,1,1,1,1,1,1,1,1,1,1,1,1,1,1,1,1,1,1,1,1,1,1,1,1,1,1,1,1,1,1,1,1,1,1,1
雷鼓,普通,,,,,,,,,1,1,,,,,,,,,,,,,,1,,,,,,,,,,,,,,,,,,,,,,,,,,,,1,,,,,,,,,,,1,1,,,,,,1,1,1,,,,,,1,1,1,1,1,1,1,1,1,1,1,1,1,1,1,1,1,1,1,1,1,1,1,1,1,1,1,1,1,1,1,1,1,1,1,1,1,1,1,1,1,1,1,1,1,1,1,1,1,1,1
雷鼓,力量,,,,,1,,,1,1,1,,,,,,,,,1,,,,,1,,,,,,,,,,,,,,,,,,,,,,,,,,,1,1,1,1,,1,,,,,,1,1,1,,,,,,1,1,1,,,,,,1,1,1,1,1,1,1,1,1,1,1,1,1,1,1,1,1,1,1,1,1,1,1,1,1,1,1,1,1,1,1,1,1,1,1,1,1,1,1,1,1,1,1,1,1,1,1,1,1,1,1
雷鼓,辅助,,,,,1,,,1,1,1,1,,,,,,,,1,,,,,1,,,,,,,,,,,,,1,,,,,,,,,,,,,,1,1,1,,,,,,,,,1,1,1,,,,,,1,1,1,1,1,,,,1,1,1,1,1,1,1,1,1,1,1,1,1,1,1,1,1,1,1,1,1,1,1,1,1,1,1,1,1,1,1,1,1,1,1,1,1,1,1,1,1,1,1,1,1,1,1,1,1,1,1
ハクタクけいね,防御,,1,,,,1,,1,1,1,1,,1,,,1,1,1,1,1,,,,,1,1,,,1,,,1,,1,,1,,,1,1,1,,,,,,,,,1,,,,,,,,,1,,1,,1,1,1,,,,,1,1,1,,,,,,1,1,,1,1,1,1,1,1,1,1,1,1,1,1,1,1,,,,,,,,,,,,,,,,,,,,,,,,,,,,,,,,,,
